-- MySQL dump 10.13  Distrib 5.6.24, for osx10.8 (x86_64)
--
-- Host: localhost    Database: xingyanping
-- ------------------------------------------------------
-- Server version	5.7.17

/*!40101 SET @OLD_CHARACTER_SET_CLIENT=@@CHARACTER_SET_CLIENT */;
/*!40101 SET @OLD_CHARACTER_SET_RESULTS=@@CHARACTER_SET_RESULTS */;
/*!40101 SET @OLD_COLLATION_CONNECTION=@@COLLATION_CONNECTION */;
/*!40101 SET NAMES utf8 */;
/*!40103 SET @OLD_TIME_ZONE=@@TIME_ZONE */;
/*!40103 SET TIME_ZONE='+00:00' */;
/*!40014 SET @OLD_UNIQUE_CHECKS=@@UNIQUE_CHECKS, UNIQUE_CHECKS=0 */;
/*!40014 SET @OLD_FOREIGN_KEY_CHECKS=@@FOREIGN_KEY_CHECKS, FOREIGN_KEY_CHECKS=0 */;
/*!40101 SET @OLD_SQL_MODE=@@SQL_MODE, SQL_MODE='NO_AUTO_VALUE_ON_ZERO' */;
/*!40111 SET @OLD_SQL_NOTES=@@SQL_NOTES, SQL_NOTES=0 */;

--
-- Table structure for table `client_port_relationship`
--

DROP TABLE IF EXISTS `client_port_relationship`;
/*!40101 SET @saved_cs_client     = @@character_set_client */;
/*!40101 SET character_set_client = utf8 */;
CREATE TABLE `client_port_relationship` (
  `cprs_id` bigint(20) NOT NULL AUTO_INCREMENT,
  `cprs_port` varchar(200) NOT NULL,
  `cprs_company_name` varchar(200) NOT NULL,
  `cprs_company_short_name` varchar(50) NOT NULL,
  `cprs_client` varchar(50) NOT NULL,
  `cprs_updated` timestamp NOT NULL DEFAULT CURRENT_TIMESTAMP ON UPDATE CURRENT_TIMESTAMP,
  PRIMARY KEY (`cprs_id`)
) ENGINE=InnoDB AUTO_INCREMENT=21 DEFAULT CHARSET=utf8;
/*!40101 SET character_set_client = @saved_cs_client */;

--
-- Dumping data for table `client_port_relationship`
--

LOCK TABLES `client_port_relationship` WRITE;
/*!40000 ALTER TABLE `client_port_relationship` DISABLE KEYS */;
INSERT INTO `client_port_relationship` VALUES (1,'10690036','陕西鸿联九五信息产业有限公司(陕西接入)','鸿联九五','鸿联','2017-08-12 05:48:39'),(2,'10690219','陕西创远信息科技有限公司(陕西接入)','陕西创远','自用','2017-08-12 05:49:29'),(3,'10690331','中传视友传媒科技有限公司西安分公司(陕西接入)','中传视友','漫道','2017-08-12 05:55:40'),(4,'10690509','北京创力天行科技有限公司(陕西接入)','创力天行','创力','2017-08-12 05:55:53'),(5,'1069003608','陕西鸿联九五信息产业有限公司(陕西接入)','鸿联九五','阿里','2017-08-12 05:56:02'),(6,'1069003627','陕西鸿联九五信息产业有限公司(陕西接入)','鸿联九五','国都003627','2017-08-12 05:56:14'),(7,'106575681025','陕西创远信息科技有限公司(陕西接入)','陕西创远','自用','2017-08-12 05:57:44'),(8,'106575681095','西安天下皆阳文化投资发展有限公司(陕西接入)','天下皆阳','国都1095','2017-08-12 05:57:51'),(9,'106575681097','西安正乾广告传媒有限公司.(陕西接入)','正乾传媒','阿里','2017-08-12 05:57:58'),(10,'106575681099','西安市长安区西市发展有限公司(陕西接入)','西市发展','阿里','2017-08-12 05:58:05'),(11,'106575681100','陕西原树物业管理有限公司(陕西接入)','原树管理','国都1100','2017-08-12 05:58:11'),(12,'106575681106','陕西世荣信息科技有限公司(陕西接入)','陕西世荣','国都1106','2017-08-12 05:58:24'),(13,'106575681113','山东网易通信息技术有限公司西安分公司(陕西接入)','山东网易','阿里','2017-08-12 05:58:30'),(14,'106575681114','济南北秀信息技术有限公司西安分公司(陕西接入)','济南北秀','阿里','2017-08-12 05:58:35'),(15,'106575681115','济南百秀通讯技术有限公司西安分公司(陕西接入)','济南百秀','阿里','2017-08-12 05:58:40'),(16,'106575681116','陕西上格信息科技有限责任公司(陕西接入)','陕西上格','鸿联','2017-08-12 05:58:46'),(17,'106575681117','杭州三石信科技有限公司西安分公司(陕西接入)','杭州三石','自用','2017-08-12 05:58:53'),(18,'106980004000','企业银行（中国）有限公司西安办事处(陕西接入)','企业银行','鸿联','2017-08-12 05:59:00'),(19,'106980095369','山东航空股份有限公司西安营业部(陕西接入)','山东航空','鸿联','2017-08-12 05:59:06'),(20,'106575681101','西安锦诚电子科技有限公司.(陕西接入)','西安锦诚','鸿联','2017-08-12 06:00:02');
/*!40000 ALTER TABLE `client_port_relationship` ENABLE KEYS */;
UNLOCK TABLES;

--
-- Table structure for table `original_report`
--

DROP TABLE IF EXISTS `original_report`;
/*!40101 SET @saved_cs_client     = @@character_set_client */;
/*!40101 SET character_set_client = utf8 */;
CREATE TABLE `original_report` (
  `orre_id` bigint(20) NOT NULL AUTO_INCREMENT,
  `orre_from_file_id` bigint(20) NOT NULL,
  `orre_server_request_identifier` varchar(200) NOT NULL,
  `orre_report_mobile_number` varchar(50) DEFAULT NULL,
  `orre_report_province` varchar(50) DEFAULT NULL,
  `orre_report_date` datetime DEFAULT NULL,
  `orre_reported_number` varchar(200) NOT NULL,
  `orre_reported_province` varchar(50) DEFAULT NULL,
  `orre_reported_city` varchar(50) DEFAULT NULL,
  `orre_server_request_type` varchar(50) DEFAULT NULL,
  `orre_biz_platform` varchar(200) DEFAULT NULL,
  `orre_report_object_type` varchar(50) DEFAULT NULL,
  `orre_report_content` text,
  `orre_year_month` varchar(50) NOT NULL,
  `orre_updated` timestamp NOT NULL DEFAULT CURRENT_TIMESTAMP ON UPDATE CURRENT_TIMESTAMP,
  PRIMARY KEY (`orre_id`),
  UNIQUE KEY `orre_server_request_identifier_UNIQUE` (`orre_server_request_identifier`),
  KEY `fk_orre_upfi_id_idx` (`orre_from_file_id`),
  CONSTRAINT `fk_orre_upfi_id` FOREIGN KEY (`orre_from_file_id`) REFERENCES `uploaded_file` (`upfi_id`) ON DELETE CASCADE ON UPDATE NO ACTION
) ENGINE=InnoDB AUTO_INCREMENT=3201 DEFAULT CHARSET=utf8;
/*!40101 SET character_set_client = @saved_cs_client */;

--
-- Dumping data for table `original_report`
--

LOCK TABLES `original_report` WRITE;
/*!40000 ALTER TABLE `original_report` DISABLE KEYS */;
INSERT INTO `original_report` VALUES (2400,14,'20170811CSVC2905172058','15877535643','陕西','2017-08-11 00:00:00','10086','陕西','汉中','梦网代码','10086短信（陕西接入）','垃圾短信','爱情是幸福的源泉,也是痛苦的种子','201708','2017-08-12 04:10:00'),(2401,15,'20170801CSVC2409000038','13942153385','辽宁','2017-08-01 00:00:00','1069033129939740','陕西',NULL,'行业代码','中传视友传媒科技有限公司西安分公司(陕西接入)','垃圾短信','1069033129939740*【空中网】全新策略国战手游，百只军团同时作战，万人战场等你指挥，来玩更有神将吕布等你招募，点 uri6.com/rq6Fvy 开战，退订回N','201708','2017-08-12 06:39:43'),(2402,15,'20170801CSVC7716448004','13707772437','广西','2017-08-01 00:00:00','106900369575793','陕西',NULL,'行业代码','陕西鸿联九五信息产业有限公司(陕西接入)','垃圾短信','【淘米网】你的手机验证码为269107,请在30分钟内完成注册。如果非本人操作,请忽略该短信。','201708','2017-08-12 06:39:43'),(2403,15,'20170801CSVC5914475971','13405904939','福建','2017-08-01 00:00:00','1069003627','陕西',NULL,'行业代码','陕西鸿联九五信息产业有限公司(陕西接入)','垃圾短信','您好!你的游戏账号中无足够点数进行包月扣费,请在本月及时进行充值,避免包月服务自动取消。【天游软件】','201708','2017-08-12 06:39:43'),(2404,15,'20170801CSVC1009430007','15001013583','北京','2017-08-01 00:00:00','106900360720','陕西',NULL,'行业代码','陕西鸿联九五信息产业有限公司(陕西接入)','垃圾短信','【途家网】您好，途家网验证码：3950#，请勿向任何人泄露。如不是您本人提交请忽略此条短信。','201708','2017-08-12 06:39:43'),(2405,15,'20170801CSVC5719529397','13732443389','浙江','2017-08-01 00:00:00','10657568111678744','陕西',NULL,'行业代码','陕西上格信息科技有限责任公司(陕西接入)','垃圾短信','10657568111678744*【极速钱包】您的验证码为:327608 (有效期为30分钟) 回T退订','201708','2017-08-12 06:39:43'),(2406,15,'20170801CSVC3111216775','13931255178','河北','2017-08-01 00:00:00','10657568111678146','陕西',NULL,'行业代码','陕西上格信息科技有限责任公司(陕西接入)','垃圾短信','2017-08-01 09:02:40:诈骗','201708','2017-08-12 06:39:43'),(2407,15,'20170801CSVC5719533037','18329060019','浙江','2017-08-01 00:00:00','106575681109299071','陕西',NULL,'行业代码','武汉泰冠腾达信息科技有限公司西安分公司(陕西接入)','垃圾短信','【垃圾短信内容：】验证码，要求屏蔽，谢谢@~【接收垃圾信息地址：】@~备注：如用户举报10086，请提交“报备类→屏蔽公司宣传→屏蔽10086短信','201708','2017-08-12 06:39:43'),(2408,15,'20170801CSVC1009402304','13683045656','北京','2017-08-01 00:00:00','1065756811090394262','陕西',NULL,'行业代码','武汉泰冠腾达信息科技有限公司西安分公司(陕西接入)','垃圾短信','美妙时光】专注高端日本自由行定制，米其林美食、观光旅游、体验日本特色文化等尽在美妙时光奢华定制游！贵宾热线：4008097608。回T退订','201708','2017-08-12 06:39:43'),(2409,15,'20170801CSVC2001000075','13727878214','广东','2017-08-01 00:00:00','10657568110902233589','陕西',NULL,'行业代码','武汉泰冠腾达信息科技有限公司西安分公司(陕西接入)','垃圾短信','10657568110902233589*1069057777066482307*10690220113822335895*【联动优势】短信验证码：420909，您尾号0629的银行卡正在开通快捷支付，请注意保密。回复TD#0001退订','201708','2017-08-12 06:39:43'),(2410,15,'20170801CSVC1009419744','17801046968','北京','2017-08-01 00:00:00','1065756811017812103','陕西',NULL,'行业代码','西安锦诚电子科技有限公司.(陕西接入)','垃圾短信','【国美金融】您的验证码是2581，5分钟内有效。','201708','2017-08-12 06:39:43'),(2411,15,'20170801CSVC4310602732','15144423235','吉林','2017-08-01 00:00:00','1065756810991222326','陕西',NULL,'行业代码','西安市长安区西市发展有限公司(陕西接入)','垃圾短信','客户要求屏蔽该号码下发的垃圾短信，清处理。','201708','2017-08-12 06:39:43'),(2412,15,'20170801CSVC4310602740','15144423235','吉林','2017-08-01 00:00:00','1065756810952417','陕西',NULL,'行业代码','西安天下皆阳文化投资发展有限公司(陕西接入)','垃圾短信','客户要求屏蔽该号码下发的垃圾短信，清处理。','201708','2017-08-12 06:39:43'),(2413,15,'20170801CSVC0005100470','13649322549','总部','2017-08-01 00:00:00','1065756810952309100','陕西',NULL,'行业代码','西安天下皆阳文化投资发展有限公司(陕西接入)','垃圾短信','【融360】手机APP推出急速贷.款服务，在线提交材料，直接批款到手机：https:u.rong360.comUv6bYz ,退订回TD','201708','2017-08-12 06:39:43'),(2414,15,'20170801CSVC9510000205','13895657124','宁夏','2017-08-01 00:00:00','10657568109523090','陕西',NULL,'行业代码','西安天下皆阳文化投资发展有限公司(陕西接入)','垃圾短信','用户来电表示8月1日不停接到各种代码发送的验证信息,用户要求查询处理,比如说贷款平台的,洗浴中心的,航空方面的,,还有其他的.用户要求尽快处理并回复,再次屏蔽.','201708','2017-08-12 06:39:43'),(2415,15,'20170801CSVC2905114757','15091140477','陕西','2017-08-01 00:00:00','10657332010086','陕西','宝鸡','行业代码','公司内部公益类信息(陕西接入)','垃圾短信','宝鸡客户申请取消10657332010086下发的信息，请受理！（客户称此号码下发有移动的信息和食品安全信息，我处长期解释无效，客户要求移动方面处理）15091140477','201708','2017-08-12 06:39:43'),(2416,15,'20170801CSVC2905112057','18391080984','陕西','2017-08-01 00:00:00','1065732010086','陕西','咸阳','行业代码','公司内部公益类信息(陕西接入)','垃圾短信','不要让它给我发垃圾短信,','201708','2017-08-12 06:39:43'),(2417,15,'20170801CSVC2905105658','18220684378','陕西','2017-08-01 00:00:00','1065732010086','陕西','西安','行业代码','公司内部公益类信息(陕西接入)','垃圾短信','西安客户申请屏蔽1065732010086下发的短信，每天发严重影响客户的正常通信，客户非此不满，请受理！','201708','2017-08-12 06:39:43'),(2418,15,'20170801CSVC2905109658','13572077630','陕西','2017-08-01 00:00:00','1065732010086','陕西','西安','行业代码','公司内部公益类信息(陕西接入)','垃圾短信','要求屏蔽','201708','2017-08-12 06:39:43'),(2419,15,'20170801CSVC2905110863','15891496325','陕西','2017-08-01 00:00:00','1065732010086','陕西','西安','行业代码','公司内部公益类信息(陕西接入)','垃圾短信','西安客户现要求取消本机代码为1065732010086下发的信息，请受理！','201708','2017-08-12 06:39:43'),(2420,15,'20170801CSVC2905110959','18791938538','陕西','2017-08-01 00:00:00','1065732010086','陕西','渭南','行业代码','公司内部公益类信息(陕西接入)','垃圾短信','①客户归属：渭南　②被举报号码：1065732010086（如有多个号码请以#隔开）③被举报号码归属地：***（仅限点对点信息）　④接收时间：8月1日早到现在　⑤接收地点：渭南蒲城　⑥信息大致内容：连续接到了60多条关于抗洪救灾的公益信息 ⑦备注：要求屏蔽','201708','2017-08-12 06:39:43'),(2421,15,'20170801CSVC2905114857','15991239195','陕西','2017-08-01 00:00:00','1065732010086','陕西','榆林','行业代码','公司内部公益类信息(陕西接入)','垃圾短信','【陕西省国防教育办公室宣】钢铁雄师,安保国防,抢险救灾,浴血荣光!热烈庆祝中国人民解放军建军90周年!向新一代“最可爱的人”致以崇高敬礼!【中国移动 和你一起】*1065732010086','201708','2017-08-12 06:39:43'),(2422,15,'20170801CSVC2905114959','13636722383','陕西','2017-08-01 00:00:00','1065732010086','陕西','延安','行业代码','公司内部公益类信息(陕西接入)','垃圾短信','延安客户反映：本机于近期多次收到号码:1327127  ：1065732010086(归属地:未知)给其发送的垃圾短信，大致内容为：客户没有提供，客户现在要求举报，请查!','201708','2017-08-12 06:39:43'),(2423,15,'20170801CSVC2905115057','15229118222','陕西','2017-08-01 00:00:00','1065732010086','陕西','延安','行业代码','公司内部公益类信息(陕西接入)','垃圾短信','【陕西省国防教育办公室宣】钢铁雄师,安保国防,抢险救灾,浴血荣光!热烈庆祝中国人民解放军建军90周年!向新一代“最可爱的人”致以崇高敬礼!【中国移动 和你一起】','201708','2017-08-12 06:39:43'),(2424,15,'20170801CSVC2905115157','18792366653','陕西','2017-08-01 00:00:00','1065732010086','陕西','渭南','行业代码','公司内部公益类信息(陕西接入)','垃圾短信','渭南客户反映：自己手机多次收到1065732010086 1065320等方面的关于国防的新闻短信，客户要求屏蔽  请查！！！！！ 18792366653','201708','2017-08-12 06:39:43'),(2425,15,'20170801CSVC2905110865','18709249005','陕西','2017-08-01 00:00:00','1065732010086','陕西','西安','行业代码','公司内部公益类信息(陕西接入)','垃圾短信','要求屏蔽','201708','2017-08-12 06:39:43'),(2426,15,'20170801CSVC2905115957','13772588392','陕西','2017-08-01 00:00:00','1065732010086','陕西','咸阳','行业代码','公司内部公益类信息(陕西接入)','垃圾短信','咸阳客户反映：本机经常收到号码1065732010086下发的短信，大致内容为：公益性宣传信息，客户现在要求屏蔽，我处解释无效。请查!13772588392','201708','2017-08-12 06:39:43'),(2427,15,'20170801CSVC2905116457','18829237991','陕西','2017-08-01 00:00:00','1065732010086','陕西','西安','行业代码','公司内部公益类信息(陕西接入)','垃圾短信','【陕西省国防教育办公室宣】钢铁雄师,安保国防,抢险救灾,浴血荣光!热烈庆祝中国人民解放军建军90周年!向新一代“最可爱的人”致以崇高敬礼!【中国移动 和你一起】','201708','2017-08-12 06:39:43'),(2428,15,'20170801CSVC2905110862','13992100021','陕西','2017-08-01 00:00:00','106573201008','陕西','延安','行业代码','公司内部公益类信息(陕西接入)','垃圾短信','（在线受理）延安客户反映：本机在延安市于7月31日17:06，本机收到号码106573201008给其发送的垃圾短信，大致内容为：辱骂客户的内容，客户现在要求举报，请查!（我处解释无效）','201708','2017-08-12 06:39:43'),(2429,15,'20170801CSVC2905110864','18700306774','陕西','2017-08-01 00:00:00','10657302010086','陕西','渭南','行业代码','公司内部公益类信息(陕西接入)','垃圾短信','渭南客户现申请取消10657302010086所下发信息，请受理！','201708','2017-08-12 06:39:43'),(2430,15,'20170801CSVC2905105260','13509117126','陕西','2017-08-01 00:00:00','10658257','陕西','延安','梦网代码','和生活(陕西接入)','垃圾短信','延安客户反映：本机最近一直收到惠三秦：10658257代码下发的所有信息。现要求尽快核实取消。请查！','201708','2017-08-12 06:39:43'),(2431,15,'20170801CSVC2905114257','15289468695','陕西','2017-08-01 00:00:00','106581542702','陕西','渭南','梦网代码','彩信push(陕西接入)','垃圾短信','1 $APPLICATION/VND.WAP.MMS-MESSAGE???????ZUG9G0AXNIN0????10663355150/TYPE=PLMN???8?????HTTP://211.137.118.20:187/ZJW6G1','201708','2017-08-12 06:39:43'),(2432,15,'20170801CSVC2905116857','18395470100','陕西','2017-08-01 00:00:00','10658167305','陕西','宝鸡','梦网代码','彩信订购门户(北京接入或伪基站)','垃圾短信','主题:美妙乐缘老师好尴尬:我们中学老师叫宇文天。一次有个小同学有问题,就说:宇老师,我有一个问题。老师说:请叫我宇文老师。估计这货那个时候还不知道什么是复姓。同学楞了两秒:可是您是数学老师啊','201708','2017-08-12 06:39:43'),(2433,15,'20170801CSVC2905113857','15891661047','陕西','2017-08-01 00:00:00','10665000','陕西','汉中','梦网代码','红杉树视讯（北京）信息技术有限公司(北京接入)','垃圾短信','是否需要做手术要尊重手术科医生的意见,手术毕竟是外科医生做的,他们对手术风险、预后禁忌症比较熟悉。信息费10元/月,客服4000511520','201708','2017-08-12 06:39:43'),(2434,15,'20170801CSVC2905113957','15891661047','陕西','2017-08-01 00:00:00','10665000','陕西','汉中','梦网代码','红杉树视讯（北京）信息技术有限公司(北京接入)','垃圾短信','是否需要做手术要尊重手术科医生的意见,手术毕竟是外科医生做的,他们对手术风险、预后禁忌症比较熟悉。信息费10元/月,客服4000511520','201708','2017-08-12 06:39:43'),(2435,15,'20170801CSVC2905106958','18710554577','陕西','2017-08-01 00:00:00','10086','陕西','西安','梦网代码','10086短信（陕西接入）','垃圾短信','尊敬的客户,感谢你成功办理了优惠变更业务,您可回复\'SJYYT\'了解下载手机营业厅,快速充值买流量,随时办理套餐业务,随心参与优惠活动。【中国移动】','201708','2017-08-12 06:39:43'),(2436,15,'20170801CSVC2905113057','13468502181','陕西','2017-08-01 00:00:00','10086','陕西','咸阳','梦网代码','10086短信（陕西接入）','垃圾短信','4:-,/不想当厨子的裁缝,不是好司机;不想回信息的小子,不是好大鹅。想长成大树的小草,不是好小草:想回信息的小子,不是只好鸟!-==:==/=@4@你自己看,7:@-/@,-:着办吧。@%','201708','2017-08-12 06:39:43'),(2437,15,'20170801CSVC2905113257','13992286050','陕西','2017-08-01 00:00:00','10086','陕西','榆林','梦网代码','10086短信（陕西接入）','垃圾短信','*','201708','2017-08-12 06:39:43'),(2438,15,'20170801CSVC2905114457','13892156148','陕西','2017-08-01 00:00:00','10086','陕西','延安','梦网代码','10086短信（陕西接入）','垃圾短信','骗子,太不合理了,搞活动送的流量还剩一千多,都扣了我超出流量14块多钱','201708','2017-08-12 06:39:43'),(2439,15,'20170801CSVC2905115457','18292642195','陕西','2017-08-01 00:00:00','10086','陕西','汉中','梦网代码','10086短信（陕西接入）','垃圾短信','错报话费详情以及乱报','201708','2017-08-12 06:39:43'),(2440,15,'20170801CSVC2905101058','15029169720','陕西','2017-08-01 00:00:00','10086','陕西','汉中','梦网代码','10086短信（陕西接入）','垃圾短信','11','201708','2017-08-12 06:39:43'),(2441,15,'20170801CSVC2905114258','15029169720','陕西','2017-08-01 00:00:00','10086','陕西','汉中','梦网代码','10086短信（陕西接入）','垃圾短信','尊敬的客户:您好!您帐户当前可用余额为27.45元,专用余额为0.00元,待返还余额为36.00元,欠费金额为0.00元,可用余额总额(可用余额+专用余额+待返还余额+欠费金额)63.45元。【中国移动】','201708','2017-08-12 06:39:43'),(2442,15,'20170801CSVC2905115458','15029169720','陕西','2017-08-01 00:00:00','10086','陕西','汉中','梦网代码','10086短信（陕西接入）','垃圾短信','11','201708','2017-08-12 06:39:43'),(2443,15,'20170801CSVC2905115857','15029169720','陕西','2017-08-01 00:00:00','10086','陕西','汉中','梦网代码','10086短信（陕西接入）','垃圾短信','11','201708','2017-08-12 06:39:43'),(2444,15,'20170801CSVC2905112858','15249208035','陕西','2017-08-01 00:00:00','10086','陕西','西安','梦网代码','10086短信（陕西接入）','垃圾短信','发色情内容','201708','2017-08-12 06:39:43'),(2445,15,'20170802CSVC2905117057','18706892553','陕西','2017-08-02 00:00:00','10086','陕西','西安','梦网代码','10086短信（陕西接入）','垃圾短信','KSNDB','201708','2017-08-12 06:39:43'),(2446,15,'20170802CSVC0005100623','15978877668','总部','2017-08-02 00:00:00','106902604878320430','陕西',NULL,'行业代码','北京空间畅想信息技术公司西安分公司(陕西接入)','垃圾短信','【天猫】 海南红心甜木瓜聚划算第二件0.1元第三件0.01元， 限量老客户领劵再减5元 c.tb.cnc.0qFmD 退订回N','201708','2017-08-12 06:39:43'),(2447,15,'20170802CSVC0005100808','13683693308','总部','2017-08-02 00:00:00','106900360720','陕西',NULL,'行业代码','陕西鸿联九五信息产业有限公司(陕西接入)','垃圾短信','【途家网】您好，欢迎成为途家网会员，300元新人红包已到账。您的账号是手机号，密码是367325，请及时登录更改密码。关注”途家网预订”微信，首绑途家账号再领1000元礼品卡。如何使用途家？戳：go.tujia.comzc5','201708','2017-08-12 06:39:43'),(2448,15,'20170802CSVC8710057088','18849887278','云南','2017-08-02 00:00:00','10657568111678146','陕西',NULL,'行业代码','陕西上格信息科技有限责任公司(陕西接入)','垃圾短信','不要在发这样的信息在我手机上了,发错人了,这卡是我刚买不久的','201708','2017-08-12 06:39:43'),(2449,15,'20170803CSVC2803000309','13981019758','四川','2017-08-03 00:00:00','106575681116666666','陕西',NULL,'行业代码','陕西上格信息科技有限责任公司(陕西接入)','垃圾短信','【链家网】您本次操作的手机验证码为444698,有效期10分钟,请尽快完成业主出租委托。','201708','2017-08-12 06:39:43'),(2450,15,'20170802CSVC0005100796','13883021991','总部','2017-08-02 00:00:00','1065756811138140','陕西',NULL,'行业代码','山东网易通信息技术有限公司西安分公司(陕西接入)','垃圾短信','【天猫超市】您的1局翻牌福利已到账，20天有效期，超值1分钱商品等你拿，本消息仅前3次提醒，查看：cx.tmall.com 回复TD退订。','201708','2017-08-12 06:39:43'),(2451,15,'20170802CSVC1009454891','15901235501','北京','2017-08-02 00:00:00','10657568110933005397','陕西',NULL,'行业代码','武汉泰冠腾达信息科技有限公司西安分公司(陕西接入)','垃圾短信','【每日优鲜】省省省省省！全场水果零食满&lt;99减80&gt;，下单2小时送到家，戳HTTP://T.CN/R9XIKQT#退订回TD','201708','2017-08-12 06:39:43'),(2452,15,'20170802CSVC0005100795','13661168145','总部','2017-08-02 00:00:00','10657568110933005397','陕西',NULL,'行业代码','武汉泰冠腾达信息科技有限公司西安分公司(陕西接入)','垃圾短信','【每日优鲜】送你&lt;满99减80元&gt;券，水果酸奶都能有，下单2小时到家，戳http:t.cnR9xloBK 退订回TD','201708','2017-08-12 06:39:43'),(2453,15,'20170802CSVC1009478573','13911336008','北京','2017-08-02 00:00:00','10657568110933005397','陕西',NULL,'行业代码','武汉泰冠腾达信息科技有限公司西安分公司(陕西接入)','垃圾短信','【每日优鲜】省省省省省！全场水果零食满&lt;99减80&gt;，下单2小时送到家，戳HTTP://T.CN/RODSO0Q#退订回TD','201708','2017-08-12 06:39:43'),(2454,15,'20170802CSVC0005100584','13501747342','总部','2017-08-02 00:00:00','10657568110902993974','陕西',NULL,'行业代码','武汉泰冠腾达信息科技有限公司西安分公司(陕西接入)','垃圾短信','【装甲战争】军武老玩家！登录即送万元豪礼上无封顶。海量金币、银币、个体、全局拿到手软！详情猛戳：t.cnRKnw8U3 退订回复N','201708','2017-08-12 06:39:43'),(2455,15,'20170802CSVC2001000563','15986600211','广东','2017-08-02 00:00:00','10657568110177210','陕西',NULL,'行业代码','西安锦诚电子科技有限公司.(陕西接入)','垃圾短信','10657568110177210*【融360】试试极速贷款专区，即时放款，实时到账https://u.rong360.com/fauEBr 退订回TD','201708','2017-08-12 06:39:43'),(2456,15,'20170802CSVC0005100583','13425742237','总部','2017-08-02 00:00:00','10657568110158408301','陕西',NULL,'行业代码','西安锦诚电子科技有限公司.(陕西接入)','垃圾短信','【中华英才网】嗨，我是豆播科技HR，邀您投递IOS开发工程师（20k） https:i.58.com1J-hRa 退订回11','201708','2017-08-12 06:39:43'),(2457,15,'20170802CSVC0005100582','13906903039','总部','2017-08-02 00:00:00','10657568110074223053','陕西',NULL,'行业代码','陕西原树物业管理有限公司(陕西接入)','垃圾短信','【阳光海岸健康乐园】淡季促销多款保健品历史低价销售，量大更优c.tb.cnc.ZzhwB 回T退订','201708','2017-08-12 06:39:43'),(2458,15,'20170802CSVC0005100581','15978877668','总部','2017-08-02 00:00:00','10657568110007832043','陕西',NULL,'行业代码','陕西原树物业管理有限公司(陕西接入)','垃圾短信','【天猫】金煌香芒果香甜浓郁 客户老联系客服领劵再减10元 5斤仅19.8元包邮 亏本活动限购1件 c.tb.cnc.0qEnZ 退订回N','201708','2017-08-12 06:39:43'),(2459,15,'20170801CSVC2500001900','18362908249','江苏','2017-08-02 00:00:00','10657568109525210657','陕西',NULL,'行业代码','西安天下皆阳文化投资发展有限公司(陕西接入)','垃圾短信','放贷公司','201708','2017-08-12 06:39:43'),(2460,15,'20170802CSVC0005100793','18726796333','总部','2017-08-02 00:00:00','10657568109525210657','陕西',NULL,'行业代码','西安天下皆阳文化投资发展有限公司(陕西接入)','垃圾短信','【来分期】vivo X9s Plus12期免息！点击 t.cnR9fEMZz 获取2500元额度专属指南，把朝思暮想的TA带回家。退订回T','201708','2017-08-12 06:39:43'),(2461,15,'20170802CSVC0005100794','18350861586','总部','2017-08-02 00:00:00','10657568109525210657','陕西',NULL,'行业代码','西安天下皆阳文化投资发展有限公司(陕西接入)','垃圾短信','【来分期】恭喜您获得临时额度，请尽快使用！OPPO R11 享12期免息！点击抢购 http:t.cnR9x6cSU 退订回T','201708','2017-08-12 06:39:43'),(2462,15,'20170802CSVC2001000542','15986600211','广东','2017-08-02 00:00:00','1065756810952309100','陕西',NULL,'行业代码','西安天下皆阳文化投资发展有限公司(陕西接入)','垃圾短信','1065756810952309100*【融360】试试极速贷款专区，即时放款，实时到账https://u.rong360.com/fauEBr 退订回TD','201708','2017-08-12 06:39:43'),(2463,15,'20170802CSVC4512635428','15754607303','黑龙江','2017-08-02 00:00:00','1065756810951630','陕西',NULL,'行业代码','西安天下皆阳文化投资发展有限公司(陕西接入)','垃圾短信','尊敬的用户恭喜您!您的初审已通过!最高3000元现金已为您备好,极速到账,名额有限,VIP详情链接 HTTP://URL.CN/4C2D9LV ,赶快提交资料查收吧!如需退订回复TD【向钱贷】','201708','2017-08-12 06:39:43'),(2464,15,'20170803CSVC3714567222','18236815137','河南','2017-08-03 00:00:00','106575681095157003','陕西',NULL,'行业代码','西安天下皆阳文化投资发展有限公司(陕西接入)','垃圾短信','垃圾短信-其他@~18236815137反映106575681095157003号码总是骚扰自己,要求屏蔽,谢谢~3-46-3762','201708','2017-08-12 06:39:43'),(2465,15,'20170802CSVC0005100580','13436913639','总部','2017-08-02 00:00:00','106575681092473443','陕西',NULL,'行业代码','西安峰联信息科技有限公司(陕西接入)','垃圾短信','【歌华有线】没有给不了的优惠，只有想不到的实惠！马上参加歌华有线“致敬劳动者”活动，宽带免费用！大片免费看！产品折上折！详询客服。回TD退订','201708','2017-08-12 06:39:43'),(2466,15,'20170802CSVC2905112459','15991421572','陕西','2017-08-02 00:00:00','106573262010086','陕西','延安','行业代码','公司内部公益类信息(陕西接入)','垃圾短信','延安客户反映：本机总是受到106573262010086下发的短信，内容为教育在线之类的类容，现客户对此强烈不满，要求查明原因并屏蔽，请查！','201708','2017-08-12 06:39:43'),(2467,15,'20170802CSVC2905113258','18710960324','陕西','2017-08-02 00:00:00','1065732010086','陕西','西安','行业代码','公司内部公益类信息(陕西接入)','垃圾短信','【陕西移动】尊敬的客户:您好,为给您提供更加便捷、优质的移动通信服务,我公司将于2017年8月2日19点至8月4日8点进行系统升级,在此期间不会影响您的正常通信,届时我公司所有渠道均无法提供查询、缴费、办理等服务,请您提前预存话费以免停机,由此给您带来的不便,敬请谅解![中国移动 和你一起]【陕西移动?','201708','2017-08-12 06:39:43'),(2468,15,'20170802CSVC2905114560','13909131366','陕西','2017-08-02 00:00:00','1065732010086','陕西','渭南','行业代码','公司内部公益类信息(陕西接入)','垃圾短信','渭南客户反映：要求取消1065732010086号码下发的信息，请查。13909131366','201708','2017-08-12 06:39:43'),(2469,15,'20170802CSVC2905117657','13992248881','陕西','2017-08-02 00:00:00','1065732010086','陕西','榆林','行业代码','公司内部公益类信息(陕西接入)','垃圾短信','【陕西省国防教育办公室宣】钢铁雄师,安保国防,抢险救灾,浴血荣光!热烈庆祝中国人民解放军建军90周年!向新一代“最可爱的人”致以崇高敬礼!【中国移动 和你一起】','201708','2017-08-12 06:39:43'),(2470,15,'20170802CSVC2905105058','18209282968','陕西','2017-08-02 00:00:00','1065732010086','陕西','西安','行业代码','公司内部公益类信息(陕西接入)','垃圾短信','西安客户要求取消1065732010086代码下发短信，请受理！解释无效','201708','2017-08-12 06:39:43'),(2471,15,'20170802CSVC2905109558','15091483108','陕西','2017-08-02 00:00:00','1065732010086','陕西','西安','行业代码','公司内部公益类信息(陕西接入)','垃圾短信','【陕西省国防教育办公室宣】钢铁雄师,安保国防,抢险救灾,浴血荣光!热烈庆祝中国人民解放军建军90周年!向新一代“最可爱的人”致以崇高敬礼!【中国移动 和你一起】','201708','2017-08-12 06:39:43'),(2472,15,'20170802CSVC2905103660','18240815186','陕西','2017-08-02 00:00:00','10657320','陕西','延安','行业代码','公司内部公益类信息(陕西接入)','垃圾短信','延安客户要求取消本机代码1065732010086发送的所有信息,请受理!(我处解释无效,客户要求回复)','201708','2017-08-12 06:39:43'),(2473,15,'20170802CSVC2905103859','18740576413','陕西','2017-08-02 00:00:00','10665518','陕西','宝鸡','梦网代码','兆荣联合（北京）科技发展有限公司(北京接入)','垃圾短信','职场:印刷设计师是主要从事图文信息输入、处理、加工、设计、制作、合成、输出和管理等工作的人员。5元/月,客服电话4006061026','201708','2017-08-12 06:39:43'),(2474,15,'20170802CSVC2905120257','18740576413','陕西','2017-08-02 00:00:00','10660690','陕西','宝鸡','梦网代码','光明网传媒有限公司(北京接入)','垃圾短信','谁说批秦是一种文化上的不自信,孙皓晖:要以历史实践为标准评价历史人物. 6元/月,询4007100608','201708','2017-08-12 06:39:43'),(2475,15,'20170802CSVC2905110058','15029502467','陕西','2017-08-02 00:00:00','10086','陕西','咸阳','梦网代码','10086短信（陕西接入）','垃圾短信','尊敬的客户:您好!截至8月02日12时20分,您本月移动数据流量已使用0.10MB,超出0.10MB,各项流量套餐准实时使用情况如下:1.流量安心包:包含流量0.00MB,已使用流量0.00MB,剩余流量0.00MB;具体以月结账单为准。发送3054至10086了解更多流量资费 【中国移动】100','201708','2017-08-12 06:39:43'),(2476,15,'20170802CSVC2905120157','17802967921','陕西','2017-08-02 00:00:00','10086','陕西','汉中','梦网代码','10086短信（陕西接入）','垃圾短信','【专属预存赠费活动】您好!您可享受预存50元送50元话费或预存100元送100元话费的专属优惠活动,同时还可获赠5GB省内流量,详询各大移动营业厅。我们百分百努力,只为您10分满意。【中国移动】','201708','2017-08-12 06:39:43'),(2477,15,'20170802CSVC2905104759','13772237031','陕西','2017-08-02 00:00:00','10657325015','陕西','安康','伪基站',NULL,'垃圾短信','【宁陕县人社局】青岛胶州市金红叶纸业有限公司助力我县脱贫攻坚,招聘普工,年龄18-35周岁,初中文化程度,男女不限,月均3500-4500元,请有外出务工意愿的劳动者即日起到文化大厦11楼或各镇社保站报名。联系电话:6826028.','201708','2017-08-12 06:39:43'),(2478,15,'20170804CSVC2001000002','13828122158','广东','2017-08-04 00:00:00','1065756811090191565','陕西',NULL,'行业代码','武汉泰冠腾达信息科技有限公司西安分公司(陕西接入)','垃圾短信','1065756811090191565*转自 1065756811090191565：【世纪龙】尊敬的用户，账号138****2158注册成功，临时密码：740433。为了账号安全，请通过天翼账号官网修改密码。','201708','2017-08-12 06:39:43'),(2479,15,'20170804CSVC2905123257','15829612928','陕西','2017-08-04 00:00:00','10690260763795','陕西','西安','行业代码','北京空间畅想信息技术公司西安分公司(陕西接入)','垃圾短信','【乐校】亲爱的淘会员,您上次购买的产品已收到了!还满意吗恭喜您获得返现红包,请联系福利专员微信:XL8462领取,退订回T','201708','2017-08-12 06:39:43'),(2480,15,'20170804CSVC2702894517','15586939888','湖北','2017-08-04 00:00:00','10690036585871','陕西',NULL,'行业代码','陕西鸿联九五信息产业有限公司(陕西接入)','垃圾短信','a58同城a发布成功!附近有55人在张湾找服务员工作,用招才猫直聘查看 http://i.58.com/1pygc4 退订td','201708','2017-08-12 06:39:43'),(2481,15,'20170805CSVC2905129957','15909126474','陕西','2017-08-05 00:00:00','1065836536','陕西','榆林','梦网代码','信息通系统-宽连(陕西接入)','垃圾短信','10086999','201708','2017-08-12 06:39:43'),(2482,15,'20170804CSVC2300001131','13996244955','重庆','2017-08-04 00:00:00','10657568111678744','陕西',NULL,'行业代码','陕西上格信息科技有限责任公司(陕西接入)','垃圾短信','【极速钱包】您的验证码为:208074#(有效期为30分钟)#回T退订','201708','2017-08-12 06:39:43'),(2483,15,'20170804CSVC2001000672','15218322214','广东','2017-08-04 00:00:00','106575681116666666','陕西',NULL,'行业代码','陕西上格信息科技有限责任公司(陕西接入)','垃圾短信','106575681116666666＊【链家网】您本次操作的手机验证码为662328，有效期10分钟，请尽快完成业主出租委托。','201708','2017-08-12 06:39:43'),(2484,15,'20170804CSVC0005101244','15856313374','总部','2017-08-04 00:00:00','1065756811138140','陕西',NULL,'行业代码','山东网易通信息技术有限公司西安分公司(陕西接入)','垃圾短信','【天猫超市】天猫超市想您了！15元专享现金券送给您，7天有效，超市大促火热进行中，赶紧查看！chaoshi.m.tmall.com 回td退订','201708','2017-08-12 06:39:43'),(2485,15,'20170804CSVC2001000135','18200660891','广东','2017-08-04 00:00:00','1065756811090519964','陕西',NULL,'行业代码','武汉泰冠腾达信息科技有限公司西安分公司(陕西接入)','垃圾短信','1065756811090519964*【投哪网】加息特权已到账，3月期+1.0%，24月期+0.7%，有效期至8月7日，请及时享用~详戳 t.cn/RoYHYpG','201708','2017-08-12 06:39:43'),(2486,15,'20170804CSVC1009610847','13611021397','北京','2017-08-04 00:00:00','1065756811090234814','陕西',NULL,'行业代码','武汉泰冠腾达信息科技有限公司西安分公司(陕西接入)','垃圾短信','【旗她空间】注册短信验证码9857，有效期10分钟。','201708','2017-08-12 06:39:43'),(2487,15,'20170804CSVC3111217746','13731272074','河北','2017-08-04 00:00:00','1065756811090191565','陕西',NULL,'行业代码','武汉泰冠腾达信息科技有限公司西安分公司(陕西接入)','垃圾短信','2017-08-04 11:51:44:【世纪龙】尊敬的用户,账号137','201708','2017-08-12 06:39:43'),(2488,15,'20170804CSVC1009578057','13716726623','北京','2017-08-04 00:00:00','1065756811090182775','陕西',NULL,'行业代码','武汉泰冠腾达信息科技有限公司西安分公司(陕西接入)','垃圾短信','【交易办理平台】您提交的车辆京EU8396，经审核发动机号不匹配。请您登录车主后台修改信息。','201708','2017-08-12 06:39:43'),(2489,15,'20170804CSVC7716448207','18776097338','广西','2017-08-04 00:00:00','1065756811017812103','陕西',NULL,'行业代码','西安锦诚电子科技有限公司.(陕西接入)','垃圾短信','【国美金融】您的验证码是0126,5分钟内有效。','201708','2017-08-12 06:39:43'),(2490,15,'20170804CSVC2001000432','18820148323','广东','2017-08-04 00:00:00','10657568110158408070','陕西',NULL,'行业代码','西安锦诚电子科技有限公司.(陕西接入)','垃圾短信','10657568110158408070*【中华英才网】1家企业反馈了您的简历。上App开聊成功率翻倍！ https://i.58.com/1vpLaT 退订回11','201708','2017-08-12 06:39:43'),(2491,15,'20170804CSVC2001000298','13760682739','广东','2017-08-04 00:00:00','1065756810999832759','陕西',NULL,'行业代码','西安市长安区西市发展有限公司(陕西接入)','垃圾短信','1065756810999832759 【启正门禁】验证码：9857。如非本人操作，请忽略。','201708','2017-08-12 06:39:43'),(2492,15,'20170804CSVC2905123357','15829612928','陕西','2017-08-04 00:00:00','106575681098100002','陕西','西安','行业代码','中报泰裕(北京)信息技术有限公司西安分公司(陕西接入)','垃圾短信','【淘特卖】尊敬的淘会员,您购物信用良好,已升为高级会员,邀您加内部福利Q群:636692152,群内每日福利券!进群限今日!退订回N','201708','2017-08-12 06:39:43'),(2493,15,'20170804CSVC5310001734','13754799439','山东','2017-08-04 00:00:00','10657568109582437','陕西',NULL,'行业代码','西安天下皆阳文化投资发展有限公司(陕西接入)','垃圾短信','【腾讯活动】腾讯应用免流量,月租只需19元,首月免费体验,畅玩王者荣耀,海看腾讯视频!了解更多请戳:http://t.cn/R9v9rQ4。退订请回复TD。','201708','2017-08-12 06:39:43'),(2494,15,'20170804CSVC5914506980','15711520860','福建','2017-08-04 00:00:00','10657568109525210657','陕西',NULL,'行业代码','西安天下皆阳文化投资发展有限公司(陕西接入)','垃圾短信','垃圾短信','201708','2017-08-12 06:39:43'),(2495,15,'20170804CSVC5510868608','13865967983','安徽','2017-08-04 00:00:00','1065756810952417','陕西',NULL,'行业代码','西安天下皆阳文化投资发展有限公司(陕西接入)','垃圾短信','1.问题描述：用户13865967983来电反映本机不停地收到1065756810952417号码发送的自如网验证码，要求将其屏蔽2.客服查证：3.客户要求：尽快处理4.备注：联系本机','201708','2017-08-12 06:39:43'),(2496,15,'20170804CSVC8519771004','18798610020','贵州','2017-08-04 00:00:00','1065756810952417','陕西',NULL,'行业代码','西安天下皆阳文化投资发展有限公司(陕西接入)','垃圾短信','【自如网】244862 您的自如验证码,有效时间为10分钟,请勿将验证码告知任何人并及时输入验证!如非您本人操作,请及时致电400-100-1111。','201708','2017-08-12 06:39:43'),(2497,15,'20170804CSVC2209563660','18802287788','天津','2017-08-04 00:00:00','1065756810951630','陕西',NULL,'行业代码','西安天下皆阳文化投资发展有限公司(陕西接入)','垃圾短信','尊敬的用户恭喜您您的初审已通过最高3000元现金已为您备好，极速到账，名额有限，VIP详情链接HTTPURLCN4C2D9LV，赶快提交资料查收吧如需退订回复TD向钱贷','201708','2017-08-12 06:39:43'),(2498,15,'20170804CSVC0005101229','13986096111','总部','2017-08-04 00:00:00','1065756810951630','陕西',NULL,'行业代码','西安天下皆阳文化投资发展有限公司(陕西接入)','垃圾短信','尊敬的用户恭喜您！您的初审已通过！最高3000元现金已为您备好，极速到账，名额有限，VIP详情链接 http:url.cn4C2D9lv ，赶快提交资料查收吧！如需退订回复TD【向钱贷】','201708','2017-08-12 06:39:43'),(2499,15,'20170804CSVC0005101249','15895820303','总部','2017-08-04 00:00:00','1065756810951630','陕西',NULL,'行业代码','西安天下皆阳文化投资发展有限公司(陕西接入)','垃圾短信','尊敬的用户恭喜您！您的初审已通过！最高3000元现金已为您备好，极速到账，名额有限，VIP详情链接 http:url.cn4C2D9lv ，赶快提交资料查收吧！如需退订回复TD【向钱贷】','201708','2017-08-12 06:39:43'),(2500,15,'20170804CSVC2803000065','15883613313','四川','2017-08-04 00:00:00','1065756810951630','陕西',NULL,'行业代码','西安天下皆阳文化投资发展有限公司(陕西接入)','垃圾短信','尊敬的用户恭喜您!您的初审已通过!最高3000元现金已为您备好,极速到账,名额有限,VIP详情链接 HTTP://URL.CN/4C2D9LV ,赶快提交资料查收吧!如需退订回复TD【向钱贷】','201708','2017-08-12 06:39:43'),(2501,15,'20170804CSVC5719566717','15088580293','浙江','2017-08-04 00:00:00','1065756810951630','陕西',NULL,'行业代码','西安天下皆阳文化投资发展有限公司(陕西接入)','垃圾短信','1065756810951630 尊敬的用户恭喜您!您的初审已通过!最高3000元现金已为您备好,极速到账,名额有限,VIP详情链接 HTTP://URL.CN/4C2D9LV ,赶快提交资料查收吧!如需退订回复TD【向钱贷】','201708','2017-08-12 06:39:43'),(2502,15,'20170804CSVC2001000315','13714380472','广东','2017-08-04 00:00:00','10657568109512930','陕西',NULL,'行业代码','西安天下皆阳文化投资发展有限公司(陕西接入)','垃圾短信','10657568109512930*【融360】您的注册验证码为364556，有效期10分钟，请及时注册。','201708','2017-08-12 06:39:43'),(2503,15,'20170804CSVC2905122157','15091139301','陕西','2017-08-04 00:00:00','1065732010086','陕西','渭南','行业代码','公司内部公益类信息(陕西接入)','垃圾短信','渭南客户反映：本机于近期收到号码:1065732010086给其发送的垃圾短信，客户现在要求举报，请查!','201708','2017-08-12 06:39:43'),(2504,15,'20170804CSVC2905125057','18729991684','陕西','2017-08-04 00:00:00','1065732010086','陕西','铜川','行业代码','公司内部公益类信息(陕西接入)','垃圾短信','铜川客户强烈要求取消1065732010086号码给本机下发的使有信息，请受理！（客户称是关于国防部的信息，天天给自己下发）','201708','2017-08-12 06:39:43'),(2505,15,'20170804CSVC2905120957','18740668252','陕西','2017-08-04 00:00:00','10661020','陕西','汉中','梦网代码','北京烽火万家科技有限公司(北京接入)','垃圾短信','不经过我的同意,恶意扣费并给我订购和阅读,我并不需要这项业务,如果不给我退回15元话费,那我只好举报了','201708','2017-08-12 06:39:43'),(2506,15,'20170804CSVC2905121957','18740668252','陕西','2017-08-04 00:00:00','10661020','陕西','汉中','梦网代码','北京烽火万家科技有限公司(北京接入)','垃圾短信','不经过我的同意,恶意扣费并给我订购和阅读,我并不需要这项业务,如果不给我退回15元话费,那我只好举报了','201708','2017-08-12 06:39:43'),(2507,15,'20170804CSVC2905126258','15891446316','陕西','2017-08-04 00:00:00','10086901','陕西','西安','梦网代码','10086短信（陕西接入）','垃圾短信','尊敬的客户,您好!您已成功订购中国移动的娱乐栏目包月15元业务,15元/月,该业务2017年08月04日13时11分31秒生效。如有疑问可在1小时内发送M1708048321195到10086901,我们将在72小时内为您处理问题。如需帮助,请咨询10086。中国移动','201708','2017-08-12 06:39:43'),(2508,15,'20170804CSVC2905128058','15891446316','陕西','2017-08-04 00:00:00','10086901','陕西','西安','梦网代码','10086短信（陕西接入）','垃圾短信','尊敬的客户,您好!您已成功订购中国移动的快乐作文手机报业务,8元/月,该业务2017年08月04日13时11分00秒生效。如有疑问可在1小时内发送M1708048321055到10086901,我们将在72小时内为您处理问题。如需帮助,请咨询10086。中国移动','201708','2017-08-12 06:39:43'),(2509,15,'20170804CSVC2905128357','15891446316','陕西','2017-08-04 00:00:00','10086901','陕西','西安','梦网代码','10086短信（陕西接入）','垃圾短信','尊敬的客户,您好!您已成功订购中国移动的娱乐栏目包月15元业务,15元/月,该业务2017年08月04日13时11分31秒生效。如有疑问可在1小时内发送M1708048321195到10086901,我们将在72小时内为您处理问题。如需帮助,请咨询10086。中国移动','201708','2017-08-12 06:39:43'),(2510,15,'20170804CSVC2905128457','15891446316','陕西','2017-08-04 00:00:00','10086901','陕西','西安','梦网代码','10086短信（陕西接入）','垃圾短信','尊敬的客户,您好!您已成功订购中国移动的娱乐栏目包月15元业务,15元/月,该业务2017年08月04日13时11分31秒生效。如有疑问可在1小时内发送M1708048321195到10086901,我们将在72小时内为您处理问题。如需帮助,请咨询10086。中国移动','201708','2017-08-12 06:39:43'),(2511,15,'20170804CSVC2905128557','15891446316','陕西','2017-08-04 00:00:00','10086901','陕西','西安','梦网代码','10086短信（陕西接入）','垃圾短信','尊敬的客户,您好!您已成功订购中国移动的和彩印基础包业务,2元/月,该业务2017年08月04日13时17分25秒生效。如有疑问可在1小时内发送M1708048321350到10086901,我们将在72小时内为您处理问题。如需帮助,请咨询10086。中国移动','201708','2017-08-12 06:39:43'),(2512,15,'20170804CSVC2905122757','13636795882','陕西','2017-08-04 00:00:00','100860313963922908','陕西','榆林','梦网代码','10086短信（陕西接入）','垃圾短信','订购确认:您好!感谢您对中国移动的大力支持,您即将订购由中国移动为您提供的人生伴侣手机报业务,本业务的资费为5.0元/月,请在24小时内回复“是”确认订购,回复其他内容或不回复,则不订购。我们一直努力,为您十分满意!中国移动','201708','2017-08-12 06:39:43'),(2513,15,'20170804CSVC2905126457','18829511791','陕西','2017-08-04 00:00:00','10086','陕西','西安','梦网代码','10086短信（陕西接入）','垃圾短信','尊敬的客户,您好!您已成功订购中国移动的人民网手机视包月20元业务,20元/月,该业务2017年08月04日10时58分42秒生效。如有疑问可在1小时内发送M1708048318459到10086901,我们将在72小时内为您处理问题。如需帮助,请咨询10086。中国移动','201708','2017-08-12 06:39:43'),(2514,15,'20170804CSVC2905126657','18706789298','陕西','2017-08-04 00:00:00','10086','陕西','西安','梦网代码','10086短信（陕西接入）','垃圾短信','流量幸运再次来袭,20GB冰点特价放送!每月仅需10元即可享受10GB省内流量,附送彩铃、来电提醒、和彩印免费体验,有效期2个月。纵享夏日清凉,畅玩免费流量!名额有限,立即回复“5166”快快领取!【中国移动】','201708','2017-08-12 06:39:43'),(2515,15,'20170804CSVC2905126757','15929151826','陕西','2017-08-04 00:00:00','10086','陕西','安康','梦网代码','10086短信（陕西接入）','垃圾短信','999','201708','2017-08-12 06:39:43'),(2516,15,'20170805CSVC2905132357','18220402822','陕西','2017-08-05 00:00:00','1065800007528','陕西','咸阳','梦网代码','手机报(陕西接入)','垃圾短信','1065800007528','201708','2017-08-12 06:39:43'),(2517,15,'20170805CSVC5510879369','13856635874','安徽','2017-08-05 00:00:00','106575681116186','陕西',NULL,'行业代码','陕西上格信息科技有限责任公司(陕西接入)','垃圾短信','【河南交警】【河南保险协会】温馨提示: 案件编号:411421201708050160，车牌号:浙F912SR，责任类型为同责。车牌号:豫ND0568，责任类型为同责。认定书:HTTPS://W.URL.CN/S/ALONSCG。 【河南交警】【河南保险协会】温馨提示:您的案件','201708','2017-08-12 06:39:43'),(2518,15,'20170805CSVC3714570206','13633802916','河南','2017-08-05 00:00:00','106575681112397980','陕西',NULL,'行业代码','南京卓益天扬信息技术有限公司西安分公司(陕西接入)','垃圾短信','【立即贷】恭喜,您已获得9000元优先下款资格,现在申请即可提现!秒到款不等待!领取http://t.cn/RKwKNpS退订回N','201708','2017-08-12 06:39:43'),(2519,15,'20170805CSVC5914518807','13645906263','福建','2017-08-05 00:00:00','1065756811120631','陕西',NULL,'行业代码','南京卓益天扬信息技术有限公司西安分公司(陕西接入)','垃圾短信','【信用雷达】全新产品,贷款雷达,注册即送5000元额度,点击 http://t.cn/R9SYakX 领取,退订回T','201708','2017-08-12 06:39:43'),(2520,15,'20170805CSVC2001000410','13556835969','广东','2017-08-05 00:00:00','1065756811090234814','陕西',NULL,'行业代码','武汉泰冠腾达信息科技有限公司西安分公司(陕西接入)','垃圾短信','1065756811090234814 【旗她空间】注册短信验证码5947，有效期10分钟。','201708','2017-08-12 06:39:43'),(2521,15,'20170805CSVC3714570404','18338587113','河南','2017-08-05 00:00:00','1065756811090234814','陕西',NULL,'行业代码','武汉泰冠腾达信息科技有限公司西安分公司(陕西接入)','垃圾短信','【旗她空间】注册短信验证码0824,有效期10分钟。','201708','2017-08-12 06:39:43'),(2522,15,'20170805CSVC5914516582','13706097008','福建','2017-08-05 00:00:00','1065756811017812103','陕西',NULL,'行业代码','西安锦诚电子科技有限公司.(陕西接入)','垃圾短信','【国美金融】您的验证码是7863,5分钟内有效。','201708','2017-08-12 06:39:43'),(2523,15,'20170805CSVC2300001221','13896621988','重庆','2017-08-05 00:00:00','1065756811017812103','陕西',NULL,'行业代码','西安锦诚电子科技有限公司.(陕西接入)','垃圾短信','1065756811017812103 EC：600026 106575681101 西安锦诚电子科技有限公司._陕西 是 1 全国 西安锦诚电子科技有限公司._陕西 用户来电要求举报垃圾短信，称一直不停收到验证码，接收时间：8月5日，请处理，谢谢','201708','2017-08-12 06:39:43'),(2524,15,'20170805CSVC2803000016','15883902094','四川','2017-08-05 00:00:00','1065756810951630','陕西',NULL,'行业代码','西安天下皆阳文化投资发展有限公司(陕西接入)','垃圾短信','垃圾信息','201708','2017-08-12 06:39:43'),(2525,15,'20170805CSVC9510000003','13619593157','宁夏','2017-08-05 00:00:00','1065756810951630','陕西',NULL,'行业代码','西安天下皆阳文化投资发展有限公司(陕西接入)','垃圾短信','尊敬的用户恭喜您!您的初审已通过!最高3000元现金已为您备好,极速到账,名额有限,VIP详情链接http://url.cn/4C2D9lv,赶快提交资料查收吧!如需退订回复TD【向钱贷】','201708','2017-08-12 06:39:43'),(2526,15,'20170805CSVC2803000118','13881793241','四川','2017-08-05 00:00:00','1065756810951630','陕西',NULL,'行业代码','西安天下皆阳文化投资发展有限公司(陕西接入)','垃圾短信','转自:1065756810951630(1065756810951630) 尊敬的用户恭喜您!您的初审已通过!最高3000元现金已为您备好,极速到账,名额有限,VIP详情链接 HTTP://URL.CN/4C2D9LV ,赶快提交资料查收吧!如需退订回复TD【向钱贷】','201708','2017-08-12 06:39:43'),(2527,15,'20170805CSVC5310000072','13563401114','山东','2017-08-05 00:00:00','1065756810951630','陕西',NULL,'行业代码','西安天下皆阳文化投资发展有限公司(陕西接入)','垃圾短信','尊敬的用户恭喜您!您的初审已通过!最高3000元现金已为您备好,极速到账,名额有限,VIP详情链接http://url.cn/4C2D9lv,赶快提交资料查收吧!如需退订回复TD【向钱贷】','201708','2017-08-12 06:39:43'),(2528,15,'20170805CSVC2001000688','13712200399','广东','2017-08-05 00:00:00','10657568109512930','陕西',NULL,'行业代码','西安天下皆阳文化投资发展有限公司(陕西接入)','垃圾短信','10657568109512930*【融360】您的验证码：674885，请在10分钟内完成验证。如非本人操作,请忽略本短信。','201708','2017-08-12 06:39:43'),(2529,15,'20170805CSVC5914523904','13665923526','福建','2017-08-05 00:00:00','1065756810951112','陕西',NULL,'行业代码','西安天下皆阳文化投资发展有限公司(陕西接入)','垃圾短信','【呱呱洗车】您的手机验证码为:4471。本信息请勿回复,如需帮助请拨打客服电话:4006547968,祝您洗车愉快。 TD退订','201708','2017-08-12 06:39:43'),(2530,15,'20170805CSVC2905130557','13891240219','陕西','2017-08-05 00:00:00','1065732010086','陕西','榆林','行业代码','公司内部公益类信息(陕西接入)','垃圾短信','【陕西省国防教育办公室宣】钢铁雄师,安保国防,抢险救灾,浴血荣光!热烈庆祝中国人民解放军建军90周年!向新一代“最可爱的人”致以崇高敬礼!【中国移动 和你一起】','201708','2017-08-12 06:39:43'),(2531,15,'20170805CSVC2905132258','18391171958','陕西','2017-08-05 00:00:00','106600262','陕西','延安','梦网代码','北京创智天下科技有限公司(北京接入或伪基站)','垃圾短信','破解华北雾霾之谜,近日中德两国研究人员表示,他们破解了北京及华北地区雾霾最主要组分硫酸盐的形成之谜。(10元/月,询4006667792)','201708','2017-08-12 06:39:43'),(2532,15,'20170805CSVC2905136958','18391171958','陕西','2017-08-05 00:00:00','10669967','陕西','延安','梦网代码','北京三进宇通通信设备有限公司(北京接入)','垃圾短信','黄子韬这首《还来得及》,唱出了从遭遇背叛,到乐观自我排解的心路过程。通过一首迷幻而感性的EDM,娓娓道出了关于友情、爱情故事。图铃乐翻天','201708','2017-08-12 06:39:43'),(2533,15,'20170805CSVC2905137457','18391171958','陕西','2017-08-05 00:00:00','10669967','陕西','延安','梦网代码','北京三进宇通通信设备有限公司(北京接入)','垃圾短信','黄子韬这首《还来得及》,唱出了从遭遇背叛,到乐观自我排解的心路过程。通过一首迷幻而感性的EDM,娓娓道出了关于友情、爱情故事。图铃乐翻天','201708','2017-08-12 06:39:43'),(2534,15,'20170805CSVC2905137357','18391171958','陕西','2017-08-05 00:00:00','10661250','陕西','延安','梦网代码','湖南智源信息网络技术开发有限公司(北京接入)','垃圾短信','写好简历非常重要,但要避免一份多投。应针对你所应聘的公司的职位需要,突出自己的技能与能力。询01082296900 5元/月','201708','2017-08-12 06:39:43'),(2535,15,'20170805CSVC2905132757','13992022513','陕西','2017-08-05 00:00:00','10660662023314630','陕西','咸阳','梦网代码','北京鑫鼎网络科技有限公司(北京接入)','垃圾短信','中国儿艺会牵手延川给老区孩子们一个有梦想的儿童节,用文化艺术启迪孩子们的心灵,用公益实现大爱无疆。5元/月,咨询:010-58731882','201708','2017-08-12 06:39:43'),(2536,15,'20170805CSVC2905134457','13720654357','陕西','2017-08-05 00:00:00','1065899967001','陕西','西安','梦网代码','有接收106589996700代码短信记录','垃圾短信','867676023692253-460020746691023','201708','2017-08-12 06:39:43'),(2537,15,'20170805CSVC2905130358','18700417818','陕西','2017-08-05 00:00:00','106589996400','陕西','西安','梦网代码','积分计划统一平台(北京接入)','垃圾短信','网上商城,你的短信随机码011248-请勿告之他人','201708','2017-08-12 06:39:43'),(2538,15,'20170805CSVC2905133159','13474498743','陕西','2017-08-05 00:00:00','1008611','陕西','汉中','梦网代码','10086短信（陕西接入）','垃圾短信','999','201708','2017-08-12 06:39:43'),(2539,15,'20170806CSVC2905138357','18829025933','陕西','2017-08-06 00:00:00','100860313982684908','陕西','西安','梦网代码','10086短信（陕西接入）','垃圾短信','订购确认:您好!感谢您对中国移动的大力支持,您即将订购由中国移动为您提供的茶博览手机报业务,本业务的资费为8.0元/月,请在24小时内回复“是”确认订购,回复其他内容或不回复,则不订购。我们一直努力,为您十分满意!中国移动','201708','2017-08-12 06:39:43'),(2540,15,'20170805CSVC2905133357','15229326322','陕西','2017-08-05 00:00:00','10086','陕西','西安','梦网代码','10086短信（陕西接入）','垃圾短信','10086999','201708','2017-08-12 06:39:43'),(2541,15,'20170805CSVC2905134058','15291901485','陕西','2017-08-05 00:00:00','10086','陕西','咸阳','梦网代码','10086短信（陕西接入）','垃圾短信','您输入的编码错误,欢迎进入陕西移动短信营业厅,请回复序号:1.基础查询及密码服务2.话费充值3.流量套餐及WLAN业务4.资费套餐查询与变更5.宽带业务6.家庭业务8.其他业务及优惠活动9.在线帮助999.垃圾短信举报','201708','2017-08-12 06:39:43'),(2542,15,'20170805CSVC2905134857','18729756129','陕西','2017-08-05 00:00:00','10086','陕西','宝鸡','梦网代码','10086短信（陕西接入）','垃圾短信','垃圾短信','201708','2017-08-12 06:39:43'),(2543,15,'20170805CSVC2905135157','13892189256','陕西','2017-08-05 00:00:00','10086','陕西','延安','梦网代码','10086短信（陕西接入）','垃圾短信','尊敬的客户,您好!您当前的账户余额不足,为不影响您的正常使用,请通过网上营业厅、自助缴费机、充值卡等渠道及时缴费。中国移动。','201708','2017-08-12 06:39:43'),(2544,15,'20170805CSVC2905135457','15229703970','陕西','2017-08-05 00:00:00','10086','陕西','咸阳','梦网代码','10086短信（陕西接入）','垃圾短信','您的话费余额不足','201708','2017-08-12 06:39:43'),(2545,15,'20170805CSVC2905136957','17829183298','陕西','2017-08-05 00:00:00','10086','陕西','西安','梦网代码','10086短信（陕西接入）','垃圾短信','说我手机欠费','201708','2017-08-12 06:39:43'),(2546,15,'20170805CSVC2905137157','15191937492','陕西','2017-08-05 00:00:00','10086','陕西','渭南','梦网代码','10086短信（陕西接入）','垃圾短信','胡乱扣我流量费','201708','2017-08-12 06:39:43'),(2547,15,'20170805CSVC2905137257','15191937492','陕西','2017-08-05 00:00:00','10086','陕西','渭南','梦网代码','10086短信（陕西接入）','垃圾短信','胡发流量使用情况,,损坏我消费','201708','2017-08-12 06:39:43'),(2548,15,'20170805CSVC2905137957','18892134981','陕西','2017-08-05 00:00:00','10086','陕西','渭南','梦网代码','10086短信（陕西接入）','垃圾短信','。','201708','2017-08-12 06:39:43'),(2549,15,'20170806CSVC2905138257','18829025933','陕西','2017-08-06 00:00:00','10086','陕西','西安','梦网代码','10086短信（陕西接入）','垃圾短信','订购确认:您好!感谢您对中国移动的大力支持,您即将订购由中国移动为您提供的观影优惠业务,本业务的资费为10.0元/月,请在24小时内回复“是”确认订购,回复其他内容或不回复,则不订购。我们一直努力,为您十分满意!中国移动','201708','2017-08-12 06:39:43'),(2550,15,'20170806CSVC2905138457','18829025933','陕西','2017-08-06 00:00:00','10086','陕西','西安','梦网代码','10086短信（陕西接入）','垃圾短信','订购提醒:您好!您已成功订购中国移动的名人脱口秀悦听包业务,资费为6.0元/月,从2017年08月06日 00时46分04秒开始生效。中国移动倡导透明消费,业务查询和退订可编辑短信0000至10086,业务退订24小时内生效。我们一直努力,为您十分满意!中国移动','201708','2017-08-12 06:39:43'),(2551,15,'20170806CSVC5914538172','18859687830','福建','2017-08-06 00:00:00','106903319395829','陕西',NULL,'行业代码','中传视友传媒科技有限公司西安分公司(陕西接入)','垃圾短信','【头条懂我】您的头条懂我卡已激活成功,首次充50元送50元话费,赠款一次性到账。缴费途径:1、微信关注懂我卡助手 2、支付宝微信充值 3、购买充值卡等,或点击 http://dwz.cn/3Sjmnp 充值,48小时内充值有效!退订回TD','201708','2017-08-12 06:39:43'),(2552,15,'20170806CSVC3111218319','15133909888','河北','2017-08-06 00:00:00','10690260507538','陕西',NULL,'行业代码','北京空间畅想信息技术公司西安分公司(陕西接入)','垃圾短信','2017-08-06 10:17:04:【我买网】您的10元全品类券还未使用!时怡中粮优选什锦果仁(罐装1020g)券后109元还赠德国牛奶5盒 t.cn/RImu0CY TD退订','201708','2017-08-12 06:39:43'),(2553,15,'20170806CSVC2803000051','15928232430','四川','2017-08-06 00:00:00','10690260100716','陕西',NULL,'行业代码','北京空间畅想信息技术公司西安分公司(陕西接入)','垃圾短信','【一心堂】尊敬的会员,老百姓药房升级为中国3强药店一心堂,7、8月会员双倍积分、低价风暴来袭,7月18-20日85折优惠。回T退订','201708','2017-08-12 06:39:43'),(2554,15,'20170806CSVC2001000427','13602514958','广东','2017-08-06 00:00:00','10657568111678146','陕西',NULL,'行业代码','陕西上格信息科技有限责任公司(陕西接入)','垃圾短信','10657568111678146*【马上消费金融】尊敬的杨** - 其他先生/女士，您好！截止今日，您的应还款金额为2089.68元，请您尽快将钱存入指定的代扣银行卡或者是通过我司官网渠道还款。如有疑问，请致电：4000328876','201708','2017-08-12 06:39:43'),(2555,15,'20170806CSVC5510891004','13855083110','安徽','2017-08-06 00:00:00','10657568111678146','陕西',NULL,'行业代码','陕西上格信息科技有限责任公司(陕西接入)','垃圾短信','【马上消费金融】尊敬的周成 - 兄弟姐妹先生/女士，您好!截止今日，您的应还款金额为714.70元，请您尽快将钱存入指定的代扣银行卡或者是通过我司官网渠道还款。如有疑问，请致电:4000328876','201708','2017-08-12 06:39:43'),(2556,15,'20170807CSVC3111218535','15932009944','河北','2017-08-07 00:00:00','10657568111678146','陕西',NULL,'行业代码','陕西上格信息科技有限责任公司(陕西接入)','垃圾短信','2017-08-07 05:40:32: 【马上消费金融】尊敬的安逸花客户张海明,您的当期账单应还款总额1317.40元,最低还款额1317.40元,最后还款日2017年08月11日,请及时还款。最后还款日前未主动还款,会从您的银行卡中扣除最低还款额','201708','2017-08-12 06:39:43'),(2557,15,'20170806CSVC2905140057','13759903222','陕西','2017-08-06 00:00:00','106575681112397995','陕西','西安','行业代码','南京卓益天扬信息技术有限公司西安分公司(陕西接入)','垃圾短信','【杏仁钱包】您有5000元额度待领取,简单三步,90%通过率,取点HTTP://WD.P2PCHINA.COM/15468999 退订回T','201708','2017-08-12 06:39:43'),(2558,15,'20170806CSVC7716448283','18807739818','广西','2017-08-06 00:00:00','106575681112397981','陕西',NULL,'行业代码','南京卓益天扬信息技术有限公司西安分公司(陕西接入)','垃圾短信','【享速贷】你的审核已通过,额度20000元,请在24小时内点击链接#http://t.cn/R//t.cn/R9JKlSe#退订回T','201708','2017-08-12 06:39:43'),(2559,15,'20170806CSVC2409000013','13941919008','辽宁','2017-08-06 00:00:00','106575681112397980','陕西',NULL,'行业代码','南京卓益天扬信息技术有限公司西安分公司(陕西接入)','垃圾短信','106575681112397980*【立即贷】恭喜，您已获得9000元优先下.款资格，现在申请即可提.现！秒到款不等待！领取 http://t.cn/RKvi0lA 退订回T','201708','2017-08-12 06:39:43'),(2560,15,'20170806CSVC5310000014','13793298071','山东','2017-08-06 00:00:00','106575681112308251','陕西',NULL,'行业代码','南京卓益天扬信息技术有限公司西安分公司(陕西接入)','垃圾短信','【平安普惠】尊敬的客户,您的信用良好,已获0条件借款5万元资格,现金秒到账,立即领取→https://cxcc.me/PINGAN退订回T','201708','2017-08-12 06:39:43'),(2561,15,'20170806CSVC3714571550','18238610155','河南','2017-08-06 00:00:00','1065756811090242855','陕西',NULL,'行业代码','武汉泰冠腾达信息科技有限公司西安分公司(陕西接入)','垃圾短信','垃圾短信-其他@~经常接到10657501116，106909292495326104号码发送第三方软件的信息','201708','2017-08-12 06:39:43'),(2562,15,'20170806CSVC4512636815','13846610853','黑龙江','2017-08-06 00:00:00','1065756811090191565','陕西',NULL,'行业代码','武汉泰冠腾达信息科技有限公司西安分公司(陕西接入)','垃圾短信','天翼帐号官网注册成功，临时密码','201708','2017-08-12 06:39:43'),(2563,15,'20170806CSVC5719614803','13738868226','浙江','2017-08-06 00:00:00','10657568110077740','陕西',NULL,'行业代码','陕西原树物业管理有限公司(陕西接入)','垃圾短信','10657568110077740@~@~用户来电反映，有类似10657568110077740的号码发嘀嘀打车优惠劵信息给用户，前台解释无效，要求帮助屏蔽，请处理，谢谢@~','201708','2017-08-12 06:39:43'),(2564,15,'20170806CSVC2101425693','13901603333','上海','2017-08-06 00:00:00','1065756810952317','陕西',NULL,'行业代码','西安天下皆阳文化投资发展有限公司(陕西接入)','垃圾短信','骚扰短信','201708','2017-08-12 06:39:43'),(2565,15,'20170806CSVC2001000200','13652255476','广东','2017-08-06 00:00:00','1065756810951630','陕西',NULL,'行业代码','西安天下皆阳文化投资发展有限公司(陕西接入)','垃圾短信','尊敬的客服，你的审核已通过最高3000元','201708','2017-08-12 06:39:43'),(2566,15,'20170806CSVC3714571582','13526483632','河南','2017-08-06 00:00:00','1065756810951630','陕西',NULL,'行业代码','西安天下皆阳文化投资发展有限公司(陕西接入)','垃圾短信','尊敬的用户恭喜您!您的初审已通过!最高3000元现金已为您备好,极速到账,名额有限,VIP详情链接http://url.cn/4C2D9lv,赶快提交资料查收吧!如需退订回复TD【向钱贷】','201708','2017-08-12 06:39:43'),(2567,15,'20170806CSVC2905141257','18392740119','陕西','2017-08-06 00:00:00','106581542702','陕西','宝鸡','梦网代码','彩信push(陕西接入)','垃圾短信','D $APPLICATION/VND.WAP.MMS-MESSAGE???????GNL8A0Q39NP0????18091778799/TYPE=PLMN???_?????HTTP://211.137.118.20:186/9P51Z1','201708','2017-08-12 06:39:43'),(2568,15,'20170806CSVC2905141357','18706778841','陕西','2017-08-06 00:00:00','106606596','陕西','西安','梦网代码','北京正达天地科技有限公司(北京接入或伪基站)','垃圾短信','我军政治合格的根本原则是党对军队的绝对领导。和平共处五项原则的根本出发点是主权国家一律平等。咨询:4008051115。资费:10元/月。','201708','2017-08-12 06:39:43'),(2569,15,'20170806CSVC2905142857','15809261227','陕西','2017-08-06 00:00:00','1065899967001','陕西','西安','梦网代码','积分计划统一平台(北京接入或伪基站)','垃圾短信','西安客户咨询本机从8月1日开始在近期经常收到1065899967001此号码给客户下发的内容为：手机串码和一串13位数字，（无法提供具体数字）客户要求核查是什么原因，请核查！（客户要求尽快回电，解释无效）','201708','2017-08-12 06:39:43'),(2570,15,'20170806CSVC2905139557','13519198355','陕西','2017-08-06 00:00:00','106690551','陕西','西安','梦网代码','北京满疆科技开发有限公司(北京接入)','垃圾短信','曼陀茶籽油富含维生素E和油酸,适合热炒、煎炸、烘烤适合中老年人、商务人士、肥胖人士、怀孕及哺乳期妇女食用。询4001184666,1元/条','201708','2017-08-12 06:39:43'),(2571,15,'20170806CSVC2905140257','13519198355','陕西','2017-08-06 00:00:00','106690551','陕西','西安','梦网代码','北京满疆科技开发有限公司(北京接入)','垃圾短信','感谢您使用北京满疆公司的兴农资讯业务,服务代码10669055,信息费1.00元/次,由中国移动代收,客服电话4001184666。中国移动','201708','2017-08-12 06:39:43'),(2572,15,'20170806CSVC2905142457','13572388390','陕西','2017-08-06 00:00:00','10661020','陕西','渭南','梦网代码','北京烽火万家科技有限公司(北京接入)','垃圾短信','赡养老人是法定的义务,而且宪法规定禁止虐待老人。如果虐待老人达到一定程度,那就是触犯法律。2元/条。询4006148248商品房按揭贷款合同未能签订导致商品房买卖合同不能继续履行时,购房者可以通过合同的约定,降低自己承担的风险。2元/条。询4006148248','201708','2017-08-12 06:39:43'),(2573,15,'20170806CSVC2905142657','13759889660','陕西','2017-08-06 00:00:00','1065899967001','陕西','西安','梦网代码','积分计划统一平台(北京接入)','垃圾短信','353460082423509-460023092668778','201708','2017-08-12 06:39:43'),(2574,15,'20170806CSVC2905142658','18291820150','陕西','2017-08-06 00:00:00','10086999','陕西','西安','梦网代码','10086短信（陕西接入）','垃圾短信','红颜一魅与君醉,人与桃花共缠绵。男士会所新晋【红颜新宠】水艺疗法。夜魅撩人发现久爱的秘密。凭短信抵300现金,询81315588','201708','2017-08-12 06:39:43'),(2575,15,'20170806CSVC2905140857','15991238525','陕西','2017-08-06 00:00:00','10086977','陕西','榆林','梦网代码','10086短信（陕西接入）','垃圾短信','私自收费','201708','2017-08-12 06:39:43'),(2576,15,'20170806CSVC2905139757','18829025933','陕西','2017-08-06 00:00:00','100860313982684908','陕西','西安','梦网代码','10086短信（陕西接入）','垃圾短信','订购确认:您好!感谢您对中国移动的大力支持,您即将订购由中国移动为您提供的茶博览手机报业务,本业务的资费为8.0元/月,请在24小时内回复“是”确认订购,回复其他内容或不回复,则不订购。我们一直努力,为您十分满意!中国移动','201708','2017-08-12 06:39:43'),(2577,15,'20170806CSVC2905139657','18829025933','陕西','2017-08-06 00:00:00','10086','陕西','西安','梦网代码','10086短信（陕西接入）','垃圾短信','订购确认:您好!感谢您对中国移动的大力支持,您即将订购由中国移动为您提供的观影优惠业务,本业务的资费为10.0元/月,请在24小时内回复“是”确认订购,回复其他内容或不回复,则不订购。我们一直努力,为您十分满意!中国移动','201708','2017-08-12 06:39:43'),(2578,15,'20170806CSVC2905139857','18829025933','陕西','2017-08-06 00:00:00','10086','陕西','西安','梦网代码','10086短信（陕西接入）','垃圾短信','订购提醒:您好!您已成功订购中国移动的名人脱口秀悦听包业务,资费为6.0元/月,从2017年08月06日 00时46分04秒开始生效。中国移动倡导透明消费,业务查询和退订可编辑短信0000至10086,业务退订24小时内生效。我们一直努力,为您十分满意!中国移动','201708','2017-08-12 06:39:43'),(2579,15,'20170806CSVC2905141657','15091642005','陕西','2017-08-06 00:00:00','10086','陕西','渭南','梦网代码','10086短信（陕西接入）','垃圾短信','我要举报','201708','2017-08-12 06:39:43'),(2580,15,'20170806CSVC2905142057','18391725993','陕西','2017-08-06 00:00:00','10086','陕西','宝鸡','梦网代码','10086短信（陕西接入）','垃圾短信','您输入的编码错误,欢迎进入陕西移动短信营业厅,请回复序号:1.基础查询及密码服务2.话费充值3.流量套餐及WLAN业务4.资费套餐查询与变更5.宽带业务6.家庭业务8.其他业务及优惠活动9.在线帮助999.垃圾短信举报','201708','2017-08-12 06:39:43'),(2581,15,'20170806CSVC2905143357','15091642005','陕西','2017-08-06 00:00:00','10086','陕西','渭南','梦网代码','10086短信（陕西接入）','垃圾短信','我要举报','201708','2017-08-12 06:39:43'),(2582,15,'20170806CSVC2905143457','15191766046','陕西','2017-08-06 00:00:00','10086','陕西','宝鸡','梦网代码','10086短信（陕西接入）','垃圾短信','您输入的编码错误,欢迎进入陕西移动短信营业厅,请回复序号:1.基础查询及密码服务2.话费充值3.流量套餐及WLAN业务4.资费套餐查询与变更5.宽带业务6.家庭业务8.其他业务及优惠活动9.在线帮助999.垃圾短信举报','201708','2017-08-12 06:39:43'),(2583,15,'20170806CSVC2905143857','18292812730','陕西','2017-08-06 00:00:00','10086','陕西','西安','梦网代码','10086短信（陕西接入）','垃圾短信','我都没有订购,那来成功订购业务,一个月8元。','201708','2017-08-12 06:39:43'),(2584,15,'20170806CSVC2905143957','15291548752','陕西','2017-08-06 00:00:00','10086','陕西','安康','梦网代码','10086短信（陕西接入）','垃圾短信','10086999','201708','2017-08-12 06:39:43'),(2585,15,'20170806CSVC2905144157','18700581209','陕西','2017-08-06 00:00:00','10086','陕西','西安','梦网代码','10086短信（陕西接入）','垃圾短信','流量信息','201708','2017-08-12 06:39:43'),(2586,15,'20170806CSVC2905144257','15829278136','陕西','2017-08-06 00:00:00','10086','陕西','西安','梦网代码','10086短信（陕西接入）','垃圾短信','流量信息','201708','2017-08-12 06:39:43'),(2587,15,'20170806CSVC2905141457','13474355313','陕西','2017-08-06 00:00:00','10086','陕西','西安','伪基站',NULL,'垃圾短信','尊敬的星级客户,您可享受话费赠送活动充值100元送100元,登录充值 HTTP://VIP.M10086.CO/S 活动今日截止【中国移动】','201708','2017-08-12 06:39:43'),(2588,15,'20170807CSVC2209569469','13920477732','天津','2017-08-07 00:00:00','10698000171001686','陕西',NULL,'行业代码','武汉嘉联君创信息科技有限公司西安分公司(陕西接入)','垃圾短信','让用户回复短信告知验证码','201708','2017-08-12 06:39:43'),(2589,15,'20170807CSVC0005101724','13911410079','总部','2017-08-07 00:00:00','10690260298681','陕西',NULL,'行业代码','北京空间畅想信息技术公司西安分公司(陕西接入)','垃圾短信','【8公里】152******49需要家庭保洁，您能推荐人选吗？点击 t.cnR9pN3JM 直接联系对方！退订回T','201708','2017-08-12 06:39:43'),(2590,15,'20170807CSVC0005101723','17862812011','总部','2017-08-07 00:00:00','10690260100132','陕西',NULL,'行业代码','北京空间畅想信息技术公司西安分公司(陕西接入)','垃圾短信','【易购网】1张限时24小时理财红包已放在您的账户，易购金融汇，既拿收益又得返利，戳我参加http:t.egou.com7YG 回N退订','201708','2017-08-12 06:39:43'),(2591,15,'20170807CSVC2409000038','13478911776','辽宁','2017-08-07 00:00:00','1069003673461','陕西',NULL,'行业代码','陕西鸿联九五信息产业有限公司(陕西接入)','垃圾短信','1069003673461*去呼呼管家帮您确认了一张去哪儿网的新订单，并安排到了HelloKitty主题房101。订单信息：田晓雪(15829845793)，2017/08/09-2017/08/11，大连十点整主题宾馆1间HELLO KITTY主题房-不含早（预付），全额预付，共计176.00元，订单号：101256923836。 【去呼呼】','201708','2017-08-12 06:39:43'),(2592,15,'20170807CSVC5719649829','13967879690','浙江','2017-08-07 00:00:00','106900363602104','陕西',NULL,'行业代码','陕西鸿联九五信息产业有限公司(陕西接入)','垃圾短信','106900363602104*【去哪儿网】会员暑期福利来袭!玩的疯还要住的嗨,每天10点抢1元酒店→HTTPS://D.QUNAR.COM/VCLEAU 回T退订','201708','2017-08-12 06:39:43'),(2593,15,'20170807CSVC9319632703','13830070447','甘肃','2017-08-07 00:00:00','106900363601167','陕西',NULL,'行业代码','陕西鸿联九五信息产业有限公司(陕西接入)','垃圾短信','【去哪儿网】回复短信评青岛红城嘉祥商务宾馆大拇指广场店,iPhone7等你拿!格式:评分(1-5分)内容,如:5分,环境赞,服务很贴心。','201708','2017-08-12 06:39:43'),(2594,15,'20170807CSVC2409001231','15904110885','辽宁','2017-08-07 00:00:00','106900360720','陕西',NULL,'行业代码','陕西鸿联九五信息产业有限公司(陕西接入)','垃圾短信','106900360720*【途家网】您好，途家网验证码：3151 ，请勿向任何人泄露。如不是您本人提交请忽略此条短信。','201708','2017-08-12 06:39:43'),(2595,15,'20170807CSVC5719640770','15968883988','浙江','2017-08-07 00:00:00','10657568111678155','陕西',NULL,'行业代码','陕西上格信息科技有限责任公司(陕西接入)','垃圾短信','10657568111678155*【佰仟金融】温馨提示:尊敬的童富先生,您本期的还款金额为3559.29元,收款方户名:深圳市佰仟金融服务有限公司,帐号:75592094791092017152505.开户行:招商银行深圳四海支行.询电:075584379009或0275955','201708','2017-08-12 06:39:43'),(2596,15,'20170807CSVC2001000888','13697427771','广东','2017-08-07 00:00:00','106575681116666666','陕西',NULL,'行业代码','陕西上格信息科技有限责任公司(陕西接入)','垃圾短信','106575681116666666 【链家网】您的注册验证码为：5888，请在5分钟内完成验证。','201708','2017-08-12 06:39:43'),(2597,15,'20170808CSVC5310000002','13506404769','山东','2017-08-08 00:00:00','106575681116666666','陕西',NULL,'行业代码','陕西上格信息科技有限责任公司(陕西接入)','垃圾短信','你注册验证码******……','201708','2017-08-12 06:39:43'),(2598,15,'20170807CSVC0005101669','15915875875','总部','2017-08-07 00:00:00','10657568111389757920','陕西',NULL,'行业代码','山东网易通信息技术有限公司西安分公司(陕西接入)','垃圾短信','【阿里云】0元获取云服务器数据库等核心产品6个月免费使用特权，每天100个名额，还有大奖坚果Pro64G手机，快来抢！猛戳这里→http:tb.cn2BLgmew 回td退订','201708','2017-08-12 06:39:43'),(2599,15,'20170807CSVC0005101668','18825147491','总部','2017-08-07 00:00:00','106575681112397980','陕西',NULL,'行业代码','南京卓益天扬信息技术有限公司西安分公司(陕西接入)','垃圾短信','【立即贷】刚刚贷到钱，批了10万元，身份证+手机号就能贷，流程简单，最快3分钟下款！猛戳 http:t.cnR9cjami 退订回T','201708','2017-08-12 06:39:43'),(2600,15,'20170807CSVC2001000667','18823094019','广东','2017-08-07 00:00:00','106575681112397980','陕西',NULL,'行业代码','南京卓益天扬信息技术有限公司西安分公司(陕西接入)','垃圾短信','利银贷款，即办即用。','201708','2017-08-12 06:39:43'),(2601,15,'20170807CSVC0005101667','13533787497','总部','2017-08-07 00:00:00','106575681112397968','陕西',NULL,'行业代码','南京卓益天扬信息技术有限公司西安分公司(陕西接入)','垃圾短信','【轻松有钱】您的信用可换5000元现金，5分钟下款，3天内有效！立即拿钱&gt; http:t.cnRoTZmvb 退订回T','201708','2017-08-12 06:39:43'),(2602,15,'20170807CSVC5719644587','17858683811','浙江','2017-08-07 00:00:00','106575681112397928','陕西',NULL,'行业代码','南京卓益天扬信息技术有限公司西安分公司(陕西接入)','垃圾短信','106575681112397928*【信业贷】您好,恭喜您最高可贷200000元,填写手机,立即使用,请戳 HTTP://T.CN/R9IEIOS ,退订回T','201708','2017-08-12 06:39:43'),(2603,15,'20170807CSVC7716448353','18807739818','广西','2017-08-07 00:00:00','106575681112397917','陕西',NULL,'行业代码','南京卓益天扬信息技术有限公司西安分公司(陕西接入)','垃圾短信','【贷吧】你的审核已经通过,额度20000,请在24小时内点击链接（http://t.cn/R9K群内每日福利券！进群限今日！退订回N','201708','2017-08-12 06:39:43'),(2604,15,'20170807CSVC1009881617','15910539523','北京','2017-08-07 00:00:00','106575681109395829','陕西',NULL,'行业代码','武汉泰冠腾达信息科技有限公司西安分公司(陕西接入)','垃圾短信','【腾讯活动】激活首月免月费，激活首月免月费！免流量玩王者荣耀，随时随地开黑；看视频、听音乐，用腾讯APP不找WIFI！您的腾讯专属卡就是这么任性！您还能享受首充50元赠50元的首充特权！如此宝物，微臣请求王上快点激活享受吧！激活请扫描折页中二维码，关注“王卡助手”微信公众号后选择菜单栏“开通”按提示步骤操作即可。如已激活，请忽略。回复TD退订','201708','2017-08-12 06:39:43'),(2605,15,'20170807CSVC0005101338','13810372606','总部','2017-08-07 00:00:00','10657568110933005397','陕西',NULL,'行业代码','武汉泰冠腾达信息科技有限公司西安分公司(陕西接入)','垃圾短信','【每日优鲜】省省省省省！全场水果满&lt;99减80&gt;，下单2小时达，不用白不用，戳http:t.cnR9qaixh 退订回TD','201708','2017-08-12 06:39:43'),(2606,15,'20170807CSVC4512637606','18246923322','黑龙江','2017-08-07 00:00:00','1065756811090533540','陕西',NULL,'行业代码','武汉泰冠腾达信息科技有限公司西安分公司(陕西接入)','垃圾短信','【顺道天下】您的注册验证码是836010,有效期 5分钟。','201708','2017-08-12 06:39:43'),(2607,15,'20170807CSVC0005101665','15007181311','总部','2017-08-07 00:00:00','1065756811090247995','陕西',NULL,'行业代码','武汉泰冠腾达信息科技有限公司西安分公司(陕西接入)','垃圾短信','【必胜客】式神必胜餐预售！1人餐55元赠《阴阳师》闪卡2张，2人餐165元赠闪卡4张！戳 http:t.cnRayldlQ，退订回T','201708','2017-08-12 06:39:43'),(2608,15,'20170807CSVC0005101666','13480974907','总部','2017-08-07 00:00:00','1065756811090247995','陕西',NULL,'行业代码','武汉泰冠腾达信息科技有限公司西安分公司(陕西接入)','垃圾短信','【必胜客】式神必胜餐预售！1人餐55元赠《阴阳师》闪卡2张，2人餐165元赠闪卡4张！戳 http:t.cnRayldlQ，退订回T','201708','2017-08-12 06:39:43'),(2609,15,'20170807CSVC2409000051','13464608983','辽宁','2017-08-07 00:00:00','1065756811090242855','陕西',NULL,'行业代码','武汉泰冠腾达信息科技有限公司西安分公司(陕西接入)','垃圾短信','1065756811090242855 顺道天下，您的注册验证码是510610有效期5分钟','201708','2017-08-12 06:39:43'),(2610,15,'20170807CSVC2409001236','13942025010','辽宁','2017-08-07 00:00:00','1065756811090117623','陕西',NULL,'行业代码','武汉泰冠腾达信息科技有限公司西安分公司(陕西接入)','垃圾短信','1065756811090117623*【区渔业安全指挥部】渔民朋友：受台风影响，近期我区将有大风强对流等恶劣天气，海上作业船只特别是养殖及看护渔船要立即回港避风，船上人员全部撤离上岸；各养殖户要采取网箱下沉、加固等方式，减少损失。','201708','2017-08-12 06:39:43'),(2611,15,'20170807CSVC0005101664','18787253544','总部','2017-08-07 00:00:00','10657568110677755','陕西',NULL,'行业代码','陕西世荣信息科技有限公司(陕西接入)','垃圾短信','【陌陌科技】附近出现一位有缘人，离你0.3km！http:dwz.cn4M5dBZ 退订回TD','201708','2017-08-12 06:39:43'),(2612,15,'20170807CSVC0005101663','15013147147','总部','2017-08-07 00:00:00','10657568110636106575','陕西',NULL,'行业代码','陕西世荣信息科技有限公司(陕西接入)','垃圾短信','【来分期】恭喜您获得临时额度，请尽快使用！清凉盛典，全场最高直降1200元！点击抢购 http:t.cnRK7M62E 退订回T','201708','2017-08-12 06:39:43'),(2613,15,'20170807CSVC0005101662','15013147147','总部','2017-08-07 00:00:00','10657568110625210657','陕西',NULL,'行业代码','陕西世荣信息科技有限公司(陕西接入)','垃圾短信','【来分期】全场商品限时免息！阿玛尼手表919元起，OPPO R11享12期免息购，点击 http:t.cnRKioDQe 退订回T','201708','2017-08-12 06:39:43'),(2614,15,'20170807CSVC0005101661','13697326729','总部','2017-08-07 00:00:00','10657568110177854','陕西',NULL,'行业代码','西安锦诚电子科技有限公司.(陕西接入)','垃圾短信','【迪信通】周末内购会邀请：进店即送120元话费卡 食用油 青花瓷碗，签订消费协议享免费领红米4A、5寸4G手机仅88、荣耀6A仅599、X9s仅1899、R11仅2299，全场手机内购会直降200—1180元，询15207103585微信同号水果湖移动营业厅退订回N','201708','2017-08-12 06:39:43'),(2615,15,'20170807CSVC0005101660','13917723748','总部','2017-08-07 00:00:00','10657568110158408301','陕西',NULL,'行业代码','西安锦诚电子科技有限公司.(陕西接入)','垃圾短信','【中华英才网】嗨，我是东方智慧招聘主管，邀您投递讲师（20K） https:i.58.com.1KFKBe 退订回11','201708','2017-08-12 06:39:43'),(2616,15,'20170807CSVC0005101657','15290369089','总部','2017-08-07 00:00:00','106575681098100002','陕西',NULL,'行业代码','中报泰裕(北京)信息技术有限公司西安分公司(陕西接入)','垃圾短信','【淘特卖】尊敬的淘会员，您购物信用良好，已升为高级会员，邀您加内部福利Q群:615380188，群内每日福利券！进群限今日！退订回N','201708','2017-08-12 06:39:43'),(2617,15,'20170807CSVC0005101658','13840014081','总部','2017-08-07 00:00:00','106575681098100002','陕西',NULL,'行业代码','中报泰裕(北京)信息技术有限公司西安分公司(陕西接入)','垃圾短信','【淘特卖】尊敬的淘会员，您购物信用良好，已升为高级会员，邀您加内部福利Q群:625598053，群内每日福利券！进群限今日！退订回N','201708','2017-08-12 06:39:43'),(2618,15,'20170807CSVC0005101659','13632592811','总部','2017-08-07 00:00:00','106575681098100002','陕西',NULL,'行业代码','中报泰裕(北京)信息技术有限公司西安分公司(陕西接入)','垃圾短信','【淘特卖】尊敬的淘会员，您购物信用良好，已升为高级会员，邀您加内部福利Q群:460818340，群内每日福利券！进群限今日！退订回N','201708','2017-08-12 06:39:43'),(2619,15,'20170807CSVC7716448354','18807739818','广西','2017-08-07 00:00:00','106575681098100002','陕西',NULL,'行业代码','中报泰裕(北京)信息技术有限公司西安分公司(陕西接入)','垃圾短信','【淘特卖】尊敬的淘会员,您购物信用良好,已升为高级会员,邀您加内部福利Q群:435770568,hefr）取款,逾期自动取消。退订回T','201708','2017-08-12 06:39:43'),(2620,15,'20170807CSVC0005101398','18367876626','总部','2017-08-07 00:00:00','10657568109525210657','陕西',NULL,'行业代码','西安天下皆阳文化投资发展有限公司(陕西接入)','垃圾短信','【来分期】您的临时额度即将失效，请尽快使用。一线大牌限时秒杀，仅剩24小时！点击抢购 http:t.cnR96A7rH 退订回T','201708','2017-08-12 06:39:43'),(2621,15,'20170807CSVC0005101399','18367876626','总部','2017-08-07 00:00:00','10657568109525210657','陕西',NULL,'行业代码','西安天下皆阳文化投资发展有限公司(陕西接入)','垃圾短信','【来分期】vivo X9s Plus12期免息！点击 t.cnR9xGhdi 获取2500元额度专属指南，把朝思暮想的TA带回家。退订回T','201708','2017-08-12 06:39:43'),(2622,15,'20170807CSVC2905147857','13571109393','陕西','2017-08-07 00:00:00','10657568109525210657','陕西','延安','行业代码','西安天下皆阳文化投资发展有限公司(陕西接入)','垃圾短信','【来分期】恭喜您获得临时额度,请尽快使用!OPPO A77现货首发,小米5X低至1699元 HTTP://T.CN/R9O0ZWT 退订回T','201708','2017-08-12 06:39:43'),(2623,15,'20170807CSVC0005101654','18380480646','总部','2017-08-07 00:00:00','10657568109525210657','陕西',NULL,'行业代码','西安天下皆阳文化投资发展有限公司(陕西接入)','垃圾短信','【来分期】恭喜您获得临时额度，请尽快使用！周末放价，疯抢72小时，全场最高直降1000元！ http:t.cnR9akxqq 退订回T','201708','2017-08-12 06:39:43'),(2624,15,'20170807CSVC0005101655','13672644132','总部','2017-08-07 00:00:00','10657568109525210657','陕西',NULL,'行业代码','西安天下皆阳文化投资发展有限公司(陕西接入)','垃圾短信','【来分期】恭喜您获得临时额度，请尽快使用！OPPO A77现货首发，小米5X低至1699元 http:t.cnR9O0ZWt 退订回T','201708','2017-08-12 06:39:43'),(2625,15,'20170807CSVC0005101656','18856086270','总部','2017-08-07 00:00:00','10657568109525210657','陕西',NULL,'行业代码','西安天下皆阳文化投资发展有限公司(陕西接入)','垃圾短信','【来分期】恭喜您获得临时额度，请尽快使用！OPPO A77现货首发，小米5X低至1699元 http:t.cnR9OpDTK 退订回T','201708','2017-08-12 06:39:43'),(2626,15,'20170807CSVC4512637588','15754648088','黑龙江','2017-08-07 00:00:00','10657568109524743615','陕西',NULL,'行业代码','西安天下皆阳文化投资发展有限公司(陕西接入)','垃圾短信','发送垃圾短信','201708','2017-08-12 06:39:43'),(2627,15,'20170807CSVC2803000034','13408207826','四川','2017-08-07 00:00:00','1065756810952309100','陕西',NULL,'行业代码','西安天下皆阳文化投资发展有限公司(陕西接入)','垃圾短信','【融360】贷款利率','201708','2017-08-12 06:39:43'),(2628,15,'20170807CSVC0005101404','18718921313','总部','2017-08-07 00:00:00','1065756810951630','陕西',NULL,'行业代码','西安天下皆阳文化投资发展有限公司(陕西接入)','垃圾短信','尊敬的用户恭喜您！您的初审已通过！最高3000元现金已为您备好，极速到账，名额有限，VIP详情链接 http:url.cn4C2D9lv ，赶快提交资料查收吧！如需退订回复TD【向钱贷】','201708','2017-08-12 06:39:43'),(2629,15,'20170807CSVC0005101651','15704112549','总部','2017-08-07 00:00:00','1065756810951630','陕西',NULL,'行业代码','西安天下皆阳文化投资发展有限公司(陕西接入)','垃圾短信','尊敬的用户恭喜您！您的初审已通过！最高3000元现金已为您备好，极速到账，名额有限，VIP详情链接 http:url.cn4C2D9lv ，赶快提交资料查收吧！如需退订回复TD【向钱贷】','201708','2017-08-12 06:39:43'),(2630,15,'20170807CSVC0005101652','13574136847','总部','2017-08-07 00:00:00','1065756810951630','陕西',NULL,'行业代码','西安天下皆阳文化投资发展有限公司(陕西接入)','垃圾短信','尊敬的用户恭喜您！您的初审已通过！最高3000元现金已为您备好，极速到账，名额有限，VIP详情链接 http:url.cn4BjZJf2 ，赶快提交资料查收吧！如需退订回复TD【向钱贷】','201708','2017-08-12 06:39:43'),(2631,15,'20170807CSVC0005101653','18351811807','总部','2017-08-07 00:00:00','1065756810951630','陕西',NULL,'行业代码','西安天下皆阳文化投资发展有限公司(陕西接入)','垃圾短信','尊敬的用户恭喜您！您的初审已通过！最高3000元现金已为您备好，极速到账，名额有限，VIP详情链接 http:url.cn4C2D9lv ，赶快提交资料查收吧！如需退订回复TD【向钱贷】','201708','2017-08-12 06:39:43'),(2632,15,'20170807CSVC2702897583','13872812996','湖北','2017-08-07 00:00:00','1065756810951267','陕西',NULL,'行业代码','西安天下皆阳文化投资发展有限公司(陕西接入)','垃圾短信','a联想集团a联想台式机“升级换新”活动推出全新配置:四核处理器+固态硬盘+独显,让您闲置的老机瞬间提速与新机媲美,回复“y”报名,td退订','201708','2017-08-12 06:39:43'),(2633,15,'20170807CSVC4310603300','15944105111','吉林','2017-08-07 00:00:00','1065756810951179','陕西',NULL,'行业代码','西安天下皆阳文化投资发展有限公司(陕西接入)','垃圾短信','客户称接到此号码下发的垃圾短信，请处理。','201708','2017-08-12 06:39:43'),(2634,15,'20170807CSVC2209563068','13502126174','天津','2017-08-07 00:00:00','1065756810951112','陕西',NULL,'行业代码','西安天下皆阳文化投资发展有限公司(陕西接入)','垃圾短信','刮刮洗车','201708','2017-08-12 06:39:43'),(2635,15,'20170807CSVC0005101650','15148120199','总部','2017-08-07 00:00:00','1065756810950117','陕西',NULL,'行业代码','西安天下皆阳文化投资发展有限公司(陕西接入)','垃圾短信','【ofo】小黄车免费畅骑30天，0元月卡最后3天疯抢！机不可失失不再来，快点击 http:ofo.so952 来抢吧。退订td','201708','2017-08-12 06:39:43'),(2636,15,'20170807CSVC5719648313','13819147688','浙江','2017-08-07 00:00:00','1065756810950117','陕西',NULL,'行业代码','西安天下皆阳文化投资发展有限公司(陕西接入)','垃圾短信','1065756810950117*【OFO】周一至周日OFO小黄车免费骑,秋高气爽,OFO一夏,下班赶快去骑车吧~退订TD','201708','2017-08-12 06:39:43'),(2637,15,'20170807CSVC5310000080','15969937102','山东','2017-08-07 00:00:00','106575681092','陕西',NULL,'行业代码','西安峰联信息科技有限公司(陕西接入)','垃圾短信','【国泰君安】南京银行“珠联璧合”系列银行理财已上线,期限品种如下:35天-371天不等,年化收益率4.65%-5.0%不等,5万起1万追加,需临柜测评方可购买。如需购买,可联系18866983856客户经理:许世峥','201708','2017-08-12 06:39:43'),(2638,15,'20170807CSVC0005101677','13649141631','总部','2017-08-07 00:00:00','10658365','陕西','商洛','梦网代码','信息通系统-宽连(陕西接入)','垃圾短信','【九多九少轻松长寿】1、少肉多豆；2、少盐多醋；3、少衣多浴；4、少食多嚼；5、少药多练；6、少车多步；7、少欲多施；8、少虑多笑；9、少言多行。看起来简单，做起来难！想要过健康生活，那就从今天起，努力改掉一个坏习惯，当作给自己储存一份健康保险吧！【中国移动 优选短信】','201708','2017-08-12 06:39:43'),(2639,15,'20170807CSVC2905144958','15029119797','陕西','2017-08-07 00:00:00','106573211001','陕西','延安','行业代码','有接收该代码短信','垃圾短信','*','201708','2017-08-12 06:39:43'),(2640,15,'20170807CSVC2905149057','13991688209','陕西','2017-08-07 00:00:00','106690551','陕西','渭南','梦网代码','北京满疆科技开发有限公司(北京接入)','垃圾短信','近日,由山东省农业科学院与新疆农科院共同主办的中国山东—中亚五国农业科技合作高层论坛在济南举行。询4001184666,1元/条','201708','2017-08-12 06:39:43'),(2641,15,'20170807CSVC2905149157','13991688209','陕西','2017-08-07 00:00:00','106690551','陕西','渭南','梦网代码','北京满疆科技开发有限公司(北京接入)','垃圾短信','感谢您使用北京满疆公司的兴农资讯业务,服务代码10669055,信息费1.00元/次,由中国移动代收,客服电话4001184666。中国移动','201708','2017-08-12 06:39:43'),(2642,15,'20170807CSVC2905149357','13991688209','陕西','2017-08-07 00:00:00','106690551','陕西','渭南','梦网代码','北京满疆科技开发有限公司(北京接入)','垃圾短信','东北野山参属五加科,因根状如人形,自古以来,拥有百草之王的美誉,东方医药界誉为滋阴补生,扶正固本之 。询4001184666,1元/条','201708','2017-08-12 06:39:43'),(2643,15,'20170807CSVC2905148957','13991688209','陕西','2017-08-07 00:00:00','10661020','陕西','渭南','梦网代码','北京烽火万家科技有限公司(北京接入)','垃圾短信','拆迁补偿安置协议订立后,被拆迁人或者房屋承租人在搬迁期限内拒绝搬迁的,拆迁人可以依法向仲裁委员会申请仲裁。2元/条。询4006148248','201708','2017-08-12 06:39:43'),(2644,15,'20170807CSVC2905149257','13991688209','陕西','2017-08-07 00:00:00','10661020','陕西','渭南','梦网代码','北京烽火万家科技有限公司(北京接入)','垃圾短信','针对普通商品,经营者如果拒绝7日无理由退货,消费者可以凭货品发票或网络上下单页面向12315投诉举报。2元/条。询4006148248','201708','2017-08-12 06:39:43'),(2645,15,'20170807CSVC2905149457','13991688209','陕西','2017-08-07 00:00:00','10661020','陕西','渭南','梦网代码','北京烽火万家科技有限公司(北京接入)','垃圾短信','房屋租赁合同只在双方当事人之间产生法律效力,物业公司作为合同外的第三方无权干涉合同双方当事人的履约行为。2元/条。询4006148248','201708','2017-08-12 06:39:43'),(2646,15,'20170807CSVC2905150257','13571783248','陕西','2017-08-07 00:00:00','106604303','陕西','宝鸡','梦网代码','浙江昉寅科技有限公司(北京接入)','垃圾短信','宝鸡客户反映：本机收到106604303下发的信息，内容为八国联军镇压中国之类的，客户要求屏蔽，请查！','201708','2017-08-12 06:39:43'),(2647,15,'20170807CSVC2905149557','15091450069','陕西','2017-08-07 00:00:00','10086977','陕西','安康','梦网代码','10086短信（陕西接入）','垃圾短信','尊敬的客户:您好!您已成功取消茶博览手机报业务,从下月起不再收取费用。【中国移动】','201708','2017-08-12 06:39:43'),(2648,15,'20170807CSVC2905151157','15229636804','陕西','2017-08-07 00:00:00','10086977','陕西','渭南','梦网代码','10086短信（陕西接入）','垃圾短信','随便开通业务,莫名其妙的扣费','201708','2017-08-12 06:39:43'),(2649,15,'20170807CSVC2905145557','15129687961','陕西','2017-08-07 00:00:00','10086','陕西','安康','梦网代码','10086短信（陕西接入）','垃圾短信','乱扣话费','201708','2017-08-12 06:39:43'),(2650,15,'20170807CSVC2905148157','13892017478','陕西','2017-08-07 00:00:00','10086','陕西','咸阳','梦网代码','10086短信（陕西接入）','垃圾短信','你的电话已欠费','201708','2017-08-12 06:39:43'),(2651,15,'20170807CSVC2905150857','13991732623','陕西','2017-08-07 00:00:00','10086','陕西','宝鸡','梦网代码','10086短信（陕西接入）','垃圾短信','不接客服电话,乱扣流量包 *','201708','2017-08-12 06:39:43'),(2652,15,'20170807CSVC2905151057','18220171936','陕西','2017-08-07 00:00:00','10086','陕西','西安','梦网代码','10086短信（陕西接入）','垃圾短信','尊敬的客户:您好!请在信息内容的最前面输入被举报号码,并以‘*’与信息内容分隔,然后发送到10086999! 【中国移动】','201708','2017-08-12 06:39:43'),(2653,15,'20170807CSVC2905144757','18700332710','陕西','2017-08-07 00:00:00','10669133170639','陕西','渭南','伪基站',NULL,'垃圾短信','乱发短信','201708','2017-08-12 06:39:43'),(2654,15,'20170807CSVC2905144957','15929002003','陕西','2017-08-07 00:00:00','10669133170135','陕西','安康','伪基站',NULL,'垃圾短信','请取消这服务业务','201708','2017-08-12 06:39:43'),(2655,15,'20170808CSVC2905154257','13474239723','陕西','2017-08-08 00:00:00','106903319252419','陕西','榆林','行业代码','中传视友传媒科技有限公司西安分公司(陕西接入)','垃圾短信','垃圾短信','201708','2017-08-12 06:39:43'),(2656,15,'20170808CSVC5719659622','13646663529','浙江','2017-08-08 00:00:00','106903319252419','陕西',NULL,'行业代码','中传视友传媒科技有限公司西安分公司(陕西接入)','垃圾短信','106903319252419*【亭亭玉立】本次验证码是618981,请于20分钟内完成操作','201708','2017-08-12 06:39:43'),(2657,15,'20170808CSVC1009932589','13611140414','北京','2017-08-08 00:00:00','106903319143991','陕西',NULL,'行业代码','中传视友传媒科技有限公司西安分公司(陕西接入)','垃圾短信','【4399】亲爱的4399用户，您的验证码为：954703。本短信不收费。#回复#TD#退订','201708','2017-08-12 06:39:43'),(2658,15,'20170808CSVC3714572888','15237805057','河南','2017-08-08 00:00:00','106903319143991','陕西',NULL,'行业代码','中传视友传媒科技有限公司西安分公司(陕西接入)','垃圾短信','【4399】亲爱的4399用户,您的验证码为:104019。本短信不收费。回复TD退订','201708','2017-08-12 06:39:43'),(2659,15,'20170808CSVC5310000066','18866331818','山东','2017-08-08 00:00:00','106903319143991','陕西',NULL,'行业代码','中传视友传媒科技有限公司西安分公司(陕西接入)','垃圾短信','【4399】亲爱的4399用户,您的验证码为:866610。本短信不收费。回复TD退订','201708','2017-08-12 06:39:43'),(2660,15,'20170808CSVC2905151857','13909230373','陕西','2017-08-08 00:00:00','1069026096149','陕西','西安','行业代码','北京空间畅想信息技术公司西安分公司(陕西接入)','垃圾短信','西安客户反映：机于最近经常收到1069026096149，10655226(归属地：未知)给其发送的垃圾短信（短信内容：瓜子二手车网等，还有一些是没有号码的短信提供的内容是档案内的。）客户要求尽快处理！','201708','2017-08-12 06:39:43'),(2661,15,'20170808CSVC1009943227','13520895880','北京','2017-08-08 00:00:00','10690260764214','陕西',NULL,'行业代码','北京空间畅想信息技术公司西安分公司(陕西接入)','垃圾短信','【远航定位】展昭：8月12-14日，由特劳特《定位》落地专家顾均辉主讲，教您一套定位式经营企业与品牌打造的战略系统。退订回T,参加回复好','201708','2017-08-12 06:39:43'),(2662,15,'20170804CSVC9990120869','15829612928','总部','2017-08-08 00:00:00','10690260763795','陕西','西安','行业代码','北京空间畅想信息技术公司西安分公司(陕西接入)','垃圾短信','【淘特卖】尊敬的淘会员，您购物信用良好，已升为高级会员，邀您加内部福利Q群:452632241，群内每日福利券！进群限今日！退订回N','201708','2017-08-12 06:39:43'),(2663,15,'20170808CSVC2409000250','13478911776','辽宁','2017-08-08 00:00:00','10690036073461','陕西',NULL,'行业代码','陕西鸿联九五信息产业有限公司(陕西接入)','垃圾短信','10690036073461*【支付成功】去呼呼分销新订单：elong242428280,￥88,大连十点整主题宾馆,1间大嘴猴主题房,王飞,2017-08-08-2017-08-09 【去呼呼】','201708','2017-08-12 06:39:43'),(2664,15,'20170808CSVC2803000251','13980222144','四川','2017-08-08 00:00:00','106575681116666666','陕西',NULL,'行业代码','陕西上格信息科技有限责任公司(陕西接入)','垃圾短信','【链家网】您本次操作的手机验证码为648007,有效期10分钟,请尽快完成业主出租委托。','201708','2017-08-12 06:39:43'),(2665,15,'20170808CSVC0005102044','18763766326','总部','2017-08-08 00:00:00','10657568111389757920','陕西',NULL,'行业代码','山东网易通信息技术有限公司西安分公司(陕西接入)','垃圾短信','【阿里云】会员权益：对象存储OSS 40G／2年仅需0.9元，劲省23元，登陆后购买，立即查看：http:tb.cnWUbfIew 回td退订','201708','2017-08-12 06:39:43'),(2666,15,'20170808CSVC2001000344','15918028091','广东','2017-08-08 00:00:00','106575681112398017','陕西',NULL,'行业代码','南京卓益天扬信息技术有限公司西安分公司(陕西接入)','垃圾短信','106575681112398017*15918028091','201708','2017-08-12 06:39:43'),(2667,15,'20170808CSVC0005101991','13926542587','总部','2017-08-08 00:00:00','106575681112397981','陕西',NULL,'行业代码','南京卓益天扬信息技术有限公司西安分公司(陕西接入)','垃圾短信','【乐享速贷】你的审核已通过，额度20000元，请在24小时内点击链接 http:t.cnR9UXiq8 取款，有效期2天，退订回T','201708','2017-08-12 06:39:43'),(2668,15,'20170808CSVC0005102052','18829045015','总部','2017-08-08 00:00:00','106575681112397981','陕西','西安','行业代码','南京卓益天扬信息技术有限公司西安分公司(陕西接入)','垃圾短信','【乐享速贷】你的审核已通过，额度20000元，请在24小时内点击链接 http:t.cnR9UXiq8 取款，有效期2天，退订回T','201708','2017-08-12 06:39:43'),(2669,15,'20170808CSVC3111219203','15128491979','河北','2017-08-08 00:00:00','106575681112397981','陕西',NULL,'行业代码','南京卓益天扬信息技术有限公司西安分公司(陕西接入)','垃圾短信','垃圾短信；具体内容：小额贷款；接收时间（最近一次或其他需特殊说明的）：8-8。','201708','2017-08-12 06:39:43'),(2670,15,'20170808CSVC0005101916','15779859457','总部','2017-08-08 00:00:00','106575681112397980','陕西',NULL,'行业代码','南京卓益天扬信息技术有限公司西安分公司(陕西接入)','垃圾短信','【立即贷】恭喜，您已获得9000元优先下 款资格，现在申请即可提现！秒到款不等待！领取 http:t.cnRolX9ra 退订回T','201708','2017-08-12 06:39:43'),(2671,15,'20170808CSVC3111219054','13933572112','河北','2017-08-08 00:00:00','106575681112397940','陕西',NULL,'行业代码','南京卓益天扬信息技术有限公司西安分公司(陕西接入)','垃圾短信','2017-08-08 13:11:08:【来贷吧】亲,您有#20000#元的现金款项可以提取,有效期3天,赶紧领取 v.u22l.cc/abcfekT0 退订回T','201708','2017-08-12 06:39:43'),(2672,15,'20170808CSVC3111219197','18830416696','河北','2017-08-08 00:00:00','106575681112397917','陕西',NULL,'行业代码','南京卓益天扬信息技术有限公司西安分公司(陕西接入)','垃圾短信','2017-08-08 17:22:43: 【贷吧】你的审核已经通过,额度20000,请在24小时内点击链接(http://t.cn/R9Khefr)取款,逾期自动取消。退订回T','201708','2017-08-12 06:39:43'),(2673,15,'20170808CSVC0005101910','15262720420','总部','2017-08-08 00:00:00','10657568110947100756','陕西',NULL,'行业代码','武汉泰冠腾达信息科技有限公司西安分公司(陕西接入)','垃圾短信','【injoylife旗舰店】定制头层牛皮钱包，仅售88元，前5分钟付款半价，8月7日十点准时开抢！ c.tb.cnc.19K3b TD退订','201708','2017-08-12 06:39:43'),(2674,15,'20170808CSVC3714573370','13607669837','河南','2017-08-08 00:00:00','1065756811060137','陕西',NULL,'行业代码','陕西世荣信息科技有限公司(陕西接入)','垃圾短信','【ofo】小黄车已为你开启免费骑模式!首骑免费还能领爱奇艺、优酷会员卡!先到先得https://ofo.so/gos退订td','201708','2017-08-12 06:39:43'),(2675,15,'20170808CSVC0005101900','13986780064','总部','2017-08-08 00:00:00','1065756811060117','陕西',NULL,'行业代码','陕西世荣信息科技有限公司(陕西接入)','垃圾短信','【ofo】周一至周日ofo小黄车免费骑，秋高气爽，ofo一夏，下班赶快去骑车吧~退订td','201708','2017-08-12 06:39:43'),(2676,15,'20170808CSVC0005101918','15821702013','总部','2017-08-08 00:00:00','1065756811060117','陕西',NULL,'行业代码','陕西世荣信息科技有限公司(陕西接入)','垃圾短信','【ofo】周一至周日ofo小黄车免费骑，秋高气爽，ofo一夏，下班赶快去骑车吧~退订td','201708','2017-08-12 06:39:43'),(2677,15,'20170808CSVC0005101924','17052704497','总部','2017-08-08 00:00:00','1065756811060117','陕西',NULL,'行业代码','陕西世荣信息科技有限公司(陕西接入)','垃圾短信','【ofo】周一至周日ofo小黄车免费骑，秋高气爽，ofo一夏，下班赶快去骑车吧~退订td','201708','2017-08-12 06:39:43'),(2678,15,'20170808CSVC0005101980','13845202324','总部','2017-08-08 00:00:00','10657568110177755','陕西',NULL,'行业代码','西安锦诚电子科技有限公司.(陕西接入)','垃圾短信','【陌陌科技】亲爱的孤独de狼…，你的好友仙儿发送了有趣的动态，快来看看吧！ http:dwz.cn4k920V 退订回复TD','201708','2017-08-12 06:39:43'),(2679,15,'20170808CSVC2001000055','15011666624','广东','2017-08-08 00:00:00','10657568110177210','陕西',NULL,'行业代码','西安锦诚电子科技有限公司.(陕西接入)','垃圾短信','关于赌博宣传','201708','2017-08-12 06:39:43'),(2680,15,'20170808CSVC1009945221','13911344479','北京','2017-08-08 00:00:00','1065756811000187','陕西',NULL,'行业代码','陕西原树物业管理有限公司(陕西接入)','垃圾短信','尊敬的车主您好，为了解您对北京个人牌照市场的观点看法，诚邀您进行一项小调研，您的意见对我们十分重要，非常感谢！问卷链接请点击：#HTTPS://DC.TT/1FGXC#。退订TD','201708','2017-08-12 06:39:43'),(2681,15,'20170808CSVC1009961036','15901224766','北京','2017-08-08 00:00:00','1065756811000187','陕西',NULL,'行业代码','陕西原树物业管理有限公司(陕西接入)','垃圾短信','尊敬的车主您好，为了解您对北京个人牌照市场的观点看法，诚邀您进行一项小调研，您的意见对我们十分重要，非常感谢！问卷链接请点击：#HTTPS://DC.TT/1FGXC#。退订TD','201708','2017-08-12 06:39:43'),(2682,15,'20170808CSVC2300000021','18323575272','重庆','2017-08-08 00:00:00','1065756810991125170','陕西',NULL,'行业代码','西安市长安区西市发展有限公司(陕西接入)','垃圾短信','【逛街市】验证码302599,感谢您的支持！逛街市是倡导诚信的本地C2C交易平台,让我们共同营戒网#WWW.ZBJ.COM/88','201708','2017-08-12 06:39:43'),(2683,15,'20170804CSVC9990120871','15829612928','总部','2017-08-08 00:00:00','106575681098100002','陕西','西安','行业代码','中报泰裕(北京)信息技术有限公司西安分公司(陕西接入)','垃圾短信','【淘特卖】尊敬的淘会员，您购物信用良好，已升为高级会员，邀您加内部福利Q群:636692152，群内每日福利券！进群限今日！退订回N 今天，频繁给我发信息','201708','2017-08-12 06:39:43'),(2684,15,'20170808CSVC2905152060','18792850817','陕西','2017-08-08 00:00:00','1065756810979955','陕西','西安','行业代码','西安正乾广告传媒有限公司.(陕西接入)','垃圾短信','西安客户反映:本机于8月7日13点左右至今一直收到各种代码的验证信息,如:95539,106910100024451,125909888775，17600773017,10690674041542,1065756810979955等等,每次代码均不同,客户现要求尽快举报并屏蔽此类信息号码,请查!（解释无效）','201708','2017-08-12 06:39:43'),(2685,15,'20170808CSVC2001000492','13590283465','广东','2017-08-08 00:00:00','10657568109582437','陕西',NULL,'行业代码','西安天下皆阳文化投资发展有限公司(陕西接入)','垃圾短信','10657568109582437*【腾讯活动】您申领的腾讯卡还没有开通哦!关注微信公众号“王卡助手”点击开通，激活成功后首月免费体验腾讯专属流量；首次充值50元送50元；如出现激活问题，我们会安排专属客服联系您解决，回复TD退订。','201708','2017-08-12 06:39:43'),(2686,15,'20170808CSVC5719653440','15067546791','浙江','2017-08-08 00:00:00','10657568109581525','陕西',NULL,'行业代码','西安天下皆阳文化投资发展有限公司(陕西接入)','垃圾短信','10657568109581525*【UBER优步】2张95折优惠券送给你,最高抵扣10元,周五前有效哦!呼叫优步,立享清凉,炎炎夏日不怕晒!优步杭州 退订TD','201708','2017-08-12 06:39:43'),(2687,15,'20170808CSVC0005101917','15800681009','总部','2017-08-08 00:00:00','10657568109525210657','陕西',NULL,'行业代码','西安天下皆阳文化投资发展有限公司(陕西接入)','垃圾短信','【来分期】恭喜您获得临时额度，请尽快使用！OPPO A77现货首发，小米5X低至1699元 http:t.cnR9OpDTK 退订回T','201708','2017-08-12 06:39:43'),(2688,15,'20170808CSVC0005102004','15119366205','总部','2017-08-08 00:00:00','10657568109525210657','陕西',NULL,'行业代码','西安天下皆阳文化投资发展有限公司(陕西接入)','垃圾短信','【来分期】恭喜您获得临时额度，请尽快使用！OPPO A77现货首发，小米5X低至1699元 http:t.cnR9OpIoj 退订回T','201708','2017-08-12 06:39:43'),(2689,15,'20170808CSVC5914556521','13808524309','福建','2017-08-08 00:00:00','10657568109524746425','陕西',NULL,'行业代码','西安天下皆阳文化投资发展有限公司(陕西接入)','垃圾短信','【TANTAN社交】哇!3小时内又有3个妹子喜欢了你,最近的才1.1公里,还不快戳 l.tantanapp.com/i 看看?回T退订','201708','2017-08-12 06:39:43'),(2690,15,'20170808CSVC0005101885','13928882290','总部','2017-08-08 00:00:00','10657568109524744358','陕西',NULL,'行业代码','西安天下皆阳文化投资发展有限公司(陕西接入)','垃圾短信','TanTan社交，哇！3小时内又有9个妹子喜欢了你，最近的才1.6公里，还不快戳l.tantanapp.comi 看看？回T退订','201708','2017-08-12 06:39:43'),(2691,15,'20170808CSVC0005101925','18200378361','总部','2017-08-08 00:00:00','10657568109524743264','陕西',NULL,'行业代码','西安天下皆阳文化投资发展有限公司(陕西接入)','垃圾短信','【TanTan社交】哇！1小时内又有3个帅哥喜欢了你，最近的才2.2公里，还不快戳 l.tantanapp.comi 看看？回T退订','201708','2017-08-12 06:39:43'),(2692,15,'20170808CSVC0005101858','13564232417','总部','2017-08-08 00:00:00','10657568109524741900','陕西',NULL,'行业代码','西安天下皆阳文化投资发展有限公司(陕西接入)','垃圾短信','【TanTan社交】哇！3小时内又有3个妹子喜欢了你，最近的才2.3公里，还不快戳 l.tantanapp.comi 看看？回T退订','201708','2017-08-12 06:39:43'),(2693,15,'20170808CSVC3714573432','18317726605','河南','2017-08-08 00:00:00','1065756810952417','陕西',NULL,'行业代码','西安天下皆阳文化投资发展有限公司(陕西接入)','垃圾短信','+【自如网】亲爱的自如客,您好!保洁员王秀娟将会在2017年08月08日(预约服务时间)上门对您家进行双周保洁服务,请您将公共区域内个人贵重物品收好。同时,自如推出超值卧室保洁服务啦,仅需35元,双周保洁当天预约,祝您生活愉快!','201708','2017-08-12 06:39:43'),(2694,15,'20170808CSVC0005102054','18893857190','总部','2017-08-08 00:00:00','1065756810951630','陕西',NULL,'行业代码','西安天下皆阳文化投资发展有限公司(陕西接入)','垃圾短信','尊敬的用户恭喜您！您的初审已通过！最高3000元现金已为您备好，极速到账，名额有限，VIP详情链接 http:url.cn4C2D9lv ，赶快提交资料查收吧！如需退订回复TD【向钱贷】','201708','2017-08-12 06:39:43'),(2695,15,'20170808CSVC4512637628','18324668444','黑龙江','2017-08-08 00:00:00','106575681095157003','陕西',NULL,'行业代码','西安天下皆阳文化投资发展有限公司(陕西接入)','垃圾短信','诈骗短信','201708','2017-08-12 06:39:43'),(2696,15,'20170807CSVC2500001863','13906202973','江苏','2017-08-08 00:00:00','1065756810951267','陕西',NULL,'行业代码','西安天下皆阳文化投资发展有限公司(陕西接入)','垃圾短信','【联想集团】联想台式机“升级换新”活动推出全新配置：四核处理器+固态盘+独显，摆脱卡顿，拨打：400,8901566或回复“Y”报名，TD退订','201708','2017-08-12 06:39:43'),(2697,15,'20170808CSVC0005101904','15007181311','总部','2017-08-08 00:00:00','1065756810950117','陕西',NULL,'行业代码','西安天下皆阳文化投资发展有限公司(陕西接入)','垃圾短信','【ofo】周一至周日ofo小黄车免费骑，秋高气爽，ofo一夏，下班赶快去骑车吧~退订td','201708','2017-08-12 06:39:43'),(2698,15,'20170808CSVC2101425964','13764630658','上海','2017-08-08 00:00:00','1065756810950117','陕西',NULL,'行业代码','西安天下皆阳文化投资发展有限公司(陕西接入)','垃圾短信','广告','201708','2017-08-12 06:39:43'),(2699,15,'20170808CSVC2905152257','15029460998','陕西','2017-08-08 00:00:00','106573260108','陕西','汉中','行业代码','有接收该代码短信','垃圾短信','【南郑县疾控中心】【国家基本公共卫生服务项目宣传】肺结核患者健康管理:免费对辖区内确诊的常住肺结核患者开展筛查及推介转诊,第一次入户随访,督导服药和随访管理,结案评估。','201708','2017-08-12 06:39:43'),(2700,15,'20170808CSVC2905157957','15129293154','陕西','2017-08-08 00:00:00','1065732010086','陕西','西安','行业代码','公司内部公益类信息(陕西接入)','垃圾短信','老是发骚扰短信!','201708','2017-08-12 06:39:43'),(2701,15,'20170808CSVC2905154957','15829928269','陕西','2017-08-08 00:00:00','106570611005613611','陕西','西安','行业代码','行业校讯通(陕西接入)','垃圾短信','【中国移动】消极心态耗掉你 90%的精力。消极心态若不及时转换为积极心态,那么它将会使你随波逐流,日复一日地消沉、挣扎的过程中,你已耗掉了绝大部门的精力,而无暇做事。','201708','2017-08-12 06:39:43'),(2702,15,'20170808CSVC2905155057','15829928269','陕西','2017-08-08 00:00:00','106570611005613611','陕西','西安','行业代码','行业校讯通(陕西接入)','垃圾短信','【中国移动】【中国移动】高效时间管理的方法——生命规划。预先规划好自己的时间,年、月、周、日 每个时间段的目标都预先规划好;执行过程中,定期检验时间管理的成果,以周为单位,每周做目标达成总结,再次精细地规划或者调整下一步的目标。','201708','2017-08-12 06:39:43'),(2703,15,'20170808CSVC2905155757','13474498743','陕西','2017-08-08 00:00:00','10088','陕西','汉中','梦网代码','10088短信（陕西接入）','垃圾短信','999','201708','2017-08-12 06:39:43'),(2704,15,'20170808CSVC2905153557','13772879654','陕西','2017-08-08 00:00:00','10086','陕西','延安','梦网代码','10086短信（陕西接入）','垃圾短信','骂我','201708','2017-08-12 06:39:43'),(2705,15,'20170808CSVC2905154657','13892955582','陕西','2017-08-08 00:00:00','10086','陕西','咸阳','梦网代码','10086短信（陕西接入）','垃圾短信','【优惠提醒】恭喜您已符合流量赠送条件,回复666至10086,即可领取20GB省内流量(自当月起连续2个月每月10GB),成功领取客户同时享受买4G+手机机价直降最高500元资格(请前往咸阳移动各主营业厅咨询或办理折扣购机)。若您在9月30日前更换至4G手机(自购或在营业厅购买均可),将于次月起连续三个月每月获赠4GB?','201708','2017-08-12 06:39:43'),(2706,15,'20170808CSVC2905155657','15891161743','陕西','2017-08-08 00:00:00','10086','陕西','汉中','梦网代码','10086短信（陕西接入）','垃圾短信','胡乱收费。','201708','2017-08-12 06:39:43'),(2707,15,'20170808CSVC2905156157','18791638522','陕西','2017-08-08 00:00:00','10086','陕西','汉中','梦网代码','10086短信（陕西接入）','垃圾短信','【免费3GB流量】 一波热剧来袭,权利的游戏、鬼吹灯、春风十里…中国移动携手腾讯视频推出9元3GB免费用,24元30GB半价享特惠流量包,视频好剧任我看。点击 HTTP://DX.10086.CN/YMQ3YF 查看详情或订购。','201708','2017-08-12 06:39:43'),(2708,15,'20170808CSVC2905157457','13991705553','陕西','2017-08-08 00:00:00','10086','陕西','宝鸡','梦网代码','10086短信（陕西接入）','垃圾短信','尊敬的用户,您好!此业务暂时办理人数多,请稍后再试或到附近营业厅办理。【中国移动】','201708','2017-08-12 06:39:43'),(2709,15,'20170808CSVC2905158057','18791984220','陕西','2017-08-08 00:00:00','10086','陕西','西安','梦网代码','10086短信（陕西接入）','垃圾短信','欢迎进入陕西移动短信营业厅,请回复序号:1.基础查询及密码服务2.话费充值3.流量套餐及国际漫游业务4.资费套餐查询与变更5.宽带业务6.家庭业务8.其他业务及优惠活动9.在线帮助999.垃圾短信举报','201708','2017-08-12 06:39:43'),(2710,15,'20170808CSVC2905158257','18392456212','陕西','2017-08-08 00:00:00','10086','陕西','西安','梦网代码','10086短信（陕西接入）','垃圾短信','1.基础查询及密码服务2.话费充值3.流量套餐及WLAN业务4.资费套餐查询与变更5.宽带业务6.家庭业务8.其他业务9.在线帮助','201708','2017-08-12 06:39:43'),(2711,15,'20170808CSVC2905158357','18392456212','陕西','2017-08-08 00:00:00','10086','陕西','西安','梦网代码','10086短信（陕西接入）','垃圾短信','请在信息内容的最前面输入被举报号码,并以‘’与信息内容分隔,然后发送到10086999!','201708','2017-08-12 06:39:43'),(2712,15,'20170808CSVC2905158457','18392456212','陕西','2017-08-08 00:00:00','10086','陕西','西安','梦网代码','10086短信（陕西接入）','垃圾短信','尊敬的客户,您举报的垃圾信息已收到,我公司将配合相关部门进行查证处理。【中国移动】','201708','2017-08-12 06:39:43'),(2713,15,'20170809CSVC2409000032','15241173063','辽宁','2017-08-09 00:00:00','106980095565','陕西',NULL,'行业代码','招商证券股份有限公司西北分公司(陕西接入)','垃圾短信','106980095565 智讯财富版：稳健配置调出格力电器，调入陕西煤业；多空策略调入上海新阳、新大陆、太极股份，加仓广汇汽车、益佰制药。仅供参考回A退订','201708','2017-08-12 06:39:43'),(2714,15,'20170809CSVC2001001065','13622730012','广东','2017-08-10 00:00:00','106903319299438','陕西',NULL,'行业代码','中传视友传媒科技有限公司西安分公司(陕西接入)','垃圾短信','106903319299438*【中之源】验证码 116188 ,请在10分钟内及时登录进行认证！','201708','2017-08-12 06:39:43'),(2715,15,'20170809CSVC5719673775','13738482324','浙江','2017-08-09 00:00:00','106903319243344','陕西',NULL,'行业代码','中传视友传媒科技有限公司西安分公司(陕西接入)','垃圾短信','106903319243344*【手机贷】您的手机验证码为:740293,有效期为30分钟。关注官方微信“手机贷”,了解更多详情!','201708','2017-08-12 06:39:43'),(2716,15,'20170809CSVC2905160557','15829434066','陕西','2017-08-09 00:00:00','106903319143991','陕西','渭南','行业代码','中传视友传媒科技有限公司西安分公司(陕西接入)','垃圾短信','【4399】亲爱的4399用户,您的验证码为:288354。本短信不收费。 回复 TD 退订','201708','2017-08-12 06:39:43'),(2717,15,'20170809CSVC2300001617','13527472316','重庆','2017-08-09 00:00:00','106903319143991','陕西',NULL,'行业代码','中传视友传媒科技有限公司西安分公司(陕西接入)','垃圾短信','106903319143991 600001 10690331 中传视友（北京）传媒科技有限公司_北京 是 1 全国 中传视友（北京）传媒科技有限公司_北京 行业网关屏蔽，请处理，谢谢','201708','2017-08-12 06:39:43'),(2718,15,'20170809CSVC2905151861','18291100157','陕西','2017-08-09 00:00:00','10690260956740','陕西','延安','行业代码','北京空间畅想信息技术公司西安分公司(陕西接入)','垃圾短信','垃圾信息','201708','2017-08-12 06:39:43'),(2719,15,'20170809CSVC5719685364','15024563630','浙江','2017-08-09 00:00:00','10657568111678155','陕西',NULL,'行业代码','陕西上格信息科技有限责任公司(陕西接入)','垃圾短信','10657568111678155*【佰仟金融】尊敬的黄苏荣,您正在通过佰仟金融办理分期付款业务。本挑战码522686用于签署《征信查询授权书》,验证后视为您已签署。','201708','2017-08-12 06:39:43'),(2720,15,'20170809CSVC7716448471','15077445775','广西','2017-08-09 00:00:00','10657568111678146','陕西',NULL,'行业代码','陕西上格信息科技有限责任公司(陕西接入)','垃圾短信','【马上消费金融】泄露验证码有信息被盗风险!0835为本次操作的验证码。您正在非常用设备登录,如有疑问请联系4000368876。','201708','2017-08-12 06:39:43'),(2721,15,'20170809CSVC1009010971','13601207500','北京','2017-08-09 00:00:00','106575681116584','陕西',NULL,'行业代码','陕西上格信息科技有限责任公司(陕西接入)','垃圾短信','【中华英才网】注册的手机验证码为：6541，请立即使用。上APP与主管直接开聊请点击#I.58.COM/1CVQWF','201708','2017-08-12 06:39:43'),(2722,15,'20170809CSVC2001001052','13531119654','广东','2017-08-10 00:00:00','106575681116381','陕西',NULL,'行业代码','陕西上格信息科技有限责任公司(陕西接入)','垃圾短信','106575681116381 【赶集网】验证码667320（赶集网客服绝不会索要此验证码，切勿告知他人），有问题请致电400-8109-058。【赶集网】','201708','2017-08-12 06:39:43'),(2723,15,'20170809CSVC1009013749','13601207500','北京','2017-08-09 00:00:00','1065756811141248155','陕西',NULL,'行业代码','济南北秀信息技术有限公司西安分公司(陕西接入)','垃圾短信','【乐有家】感谢选择乐有家，您的验证码是：229773（30分钟有效）','201708','2017-08-12 06:39:43'),(2724,15,'20170809CSVC0005102144','13431535520','总部','2017-08-09 00:00:00','106575681112397926','陕西',NULL,'行业代码','南京卓益天扬信息技术有限公司西安分公司(陕西接入)','垃圾短信','【现金在线】您好，恭喜您最高可贷2000元，立即使用，请戳http:t.cnR96Smb5，退订回T','201708','2017-08-12 06:39:43'),(2725,15,'20170809CSVC2500000054','15850608534','江苏','2017-08-10 00:00:00','106575681112308251','陕西',NULL,'行业代码','南京卓益天扬信息技术有限公司西安分公司(陕西接入)','垃圾短信','【平安普惠】尊敬的客户，您的信用良好，已获0条件借款5万元资格，现金秒到账，立即领取→https,://cxcc.me/PINGAN 退订回T','201708','2017-08-12 06:39:43'),(2726,15,'20170809CSVC4512638457','18745262438','黑龙江','2017-08-09 00:00:00','10657568110933','陕西',NULL,'行业代码','武汉泰冠腾达信息科技有限公司西安分公司(陕西接入)','垃圾短信','无','201708','2017-08-12 06:39:43'),(2727,15,'20170809CSVC0005102145','13501069883','总部','2017-08-09 00:00:00','1065756811090247995','陕西',NULL,'行业代码','武汉泰冠腾达信息科技有限公司西安分公司(陕西接入)','垃圾短信','【必胜客】立秋贴秋膘，39元享原价81元进口澳洲西冷牛排一份。限5千份仅3天，北京会员专享 http:t.cnR96xMGb 回T退订','201708','2017-08-12 06:39:43'),(2728,15,'20170809CSVC0005102128','18329036034','总部','2017-08-09 00:00:00','1065756811060117','陕西',NULL,'行业代码','陕西世荣信息科技有限公司(陕西接入)','垃圾短信','【ofo】周一至周日ofo小黄车免费骑，秋高气爽，ofo一夏，下班赶快去骑车吧~退订td','201708','2017-08-12 06:39:43'),(2729,15,'20170809CSVC0005102209','13403995188','总部','2017-08-09 00:00:00','1065756811060117','陕西',NULL,'行业代码','陕西世荣信息科技有限公司(陕西接入)','垃圾短信','【ofo】周一至周日ofo小黄车免费骑，秋高气爽，ofo一夏，下班赶快去骑车吧~退订td','201708','2017-08-12 06:39:43'),(2730,15,'20170809CSVC4512638462','18704606374','黑龙江','2017-08-09 00:00:00','106575681101388','陕西',NULL,'行业代码','西安锦诚电子科技有限公司.(陕西接入)','垃圾短信','【转转】18704606374_NNR,你有消息未回复哦,点击HTTPS://I.58.COM/1S2106575681101388*【转转】18704606374_NNR,你有消息未回复哦,点击HTTPS://I.58.COM/1S2','201708','2017-08-12 06:39:43'),(2731,15,'20170809CSVC0005102234','13771009369','总部','2017-08-09 00:00:00','10657568110075051','陕西',NULL,'行业代码','陕西原树物业管理有限公司(陕西接入)','垃圾短信','【柒牌】淘抢购丨尊贵客户专属福利券，蕞便宜，带拉链款的钱包，门店高档款可送礼，复制信息，打开「手机淘宝」领券 ￥solLZzFMTqw￥','201708','2017-08-12 06:39:43'),(2732,15,'20170809CSVC4512638576','13904528487','黑龙江','2017-08-09 00:00:00','1065756811004867','陕西',NULL,'行业代码','陕西原树物业管理有限公司(陕西接入)','垃圾短信','【滴滴顺风车】限时领福利,8月10日至11日,接一个订单奖励15元,限一单,转发无效。戳HTTPS://DC.TT/1QXW4 退订TD','201708','2017-08-12 06:39:43'),(2733,15,'20170809CSVC4512638577','13904813282','黑龙江','2017-08-09 00:00:00','1065756811004867','陕西',NULL,'行业代码','陕西原树物业管理有限公司(陕西接入)','垃圾短信','【滴滴顺风车】限时领福利,8月10日至11日,接一个订单奖励15元,限一单,转发无效。戳HTTPS://DC.TT/1QXW4 退订TD','201708','2017-08-12 06:39:43'),(2734,15,'20170809CSVC2803000184','15883899657','四川','2017-08-09 00:00:00','1065756811001278','陕西',NULL,'行业代码','陕西原树物业管理有限公司(陕西接入)','垃圾短信','【必要】告别化妆慢出门难!持久遮瑕BB霜,轻松打造无妆胜有妆,安娜苏制造商出品,仅售69元 M.BIYAO.COM/ZXBB,回T退订','201708','2017-08-12 06:39:43'),(2735,15,'20170809CSVC5719679236','13666631952','浙江','2017-08-09 00:00:00','1065756810991254243','陕西',NULL,'行业代码','西安市长安区西市发展有限公司(陕西接入)','垃圾短信','1065756810991254243*【魔法森林】尊敬的用户您好,您的注册验证码为425607','201708','2017-08-12 06:39:43'),(2736,15,'20170809CSVC2001000290','18826294060','广东','2017-08-09 00:00:00','106575681098100002','陕西',NULL,'行业代码','中报泰裕(北京)信息技术有限公司西安分公司(陕西接入)','垃圾短信','106575681098100002*【淘特卖】尊敬的淘会员，您购物信用良好，已升为高级会员，邀您加内部福利Q群:640241362，群内每日福利券！进群限今日！退订回N','201708','2017-08-12 06:39:43'),(2737,15,'20170809CSVC2409000069','15142639105','辽宁','2017-08-09 00:00:00','106575681098100002','陕西',NULL,'行业代码','中报泰裕(北京)信息技术有限公司西安分公司(陕西接入)','垃圾短信','106575681098100002 【淘特卖】尊敬的淘会员，您购物信用良好，已升为高级会员，邀您加内部福利Q群:361989467，群内每日福利券！进群限今日！退订回N','201708','2017-08-12 06:39:43'),(2738,15,'20170808CSVC2500000071','13732661397','江苏','2017-08-09 00:00:00','10657568109523090','陕西',NULL,'行业代码','西安天下皆阳文化投资发展有限公司(陕西接入)','垃圾短信','【原子贷】朱浩洋您好，您的月光足借款已逾期5天请及时还款，逾期超过指定时间，将会或已经上传不,良信用记录至芝麻信用，如有疑问请致电029-88187018。','201708','2017-08-12 06:39:43'),(2739,15,'20170808CSVC2500001523','13814520777','江苏','2017-08-09 00:00:00','1065756810951630','陕西',NULL,'行业代码','西安天下皆阳文化投资发展有限公司(陕西接入)','垃圾短信','尊敬的用户恭喜您！您的初审已通过！最高3000元现金已为您备好，极速到账，名额有限，VIP详情链接,http://url.cn/4C2D9lv ，赶快提交资料查收吧！如需退订回复TD【向钱贷】','201708','2017-08-12 06:39:43'),(2740,15,'20170809CSVC2905156758','18829078888','陕西','2017-08-09 00:00:00','1065756810951133','陕西','西安','行业代码','西安天下皆阳文化投资发展有限公司(陕西接入)','垃圾短信','【爱奇艺】您的短信验证码是331748。若非本人发送,请尽快修改密码以保证您的账号安全。本条短信免费。','201708','2017-08-12 06:39:43'),(2741,15,'20170809CSVC2905163157','13402900865','陕西','2017-08-09 00:00:00','1065800007528','陕西','延安','梦网代码','手机报(陕西接入)','垃圾短信','新闻晚报','201708','2017-08-12 06:39:43'),(2742,15,'20170809CSVC2905162457','15129669453','陕西','2017-08-09 00:00:00','106581542702','陕西','宝鸡','梦网代码','彩信push(陕西接入)','垃圾短信','内容是此信息无法显示','201708','2017-08-12 06:39:43'),(2743,15,'20170809CSVC2905156461','15991200041','陕西','2017-08-09 00:00:00','1065732012186','陕西','榆林','行业代码','公司内部公益类信息(陕西接入)','垃圾短信','榆林客户反映，要求我处屏蔽10658830  106907985370  12065893919 1065732012186 120639121 18650281652短信要求拦截，请查！','201708','2017-08-12 06:39:43'),(2744,15,'20170809CSVC2905160457','15102986717','陕西','2017-08-09 00:00:00','1065732010086','陕西','西安','行业代码','公司内部公益类信息(陕西接入)','垃圾短信','【省地震局、省应急办宣】2017年8月8日21时19分四川省阿坝州九寨沟县发生的7.0级地震,我省普遍有感。专家会商认为我省近期不会发生破坏性地震,请大家不要恐慌,不信谣不传谣,共同维护和保持好正常的工作和生活秩序。【中国移动 和你一起】','201708','2017-08-12 06:39:43'),(2745,15,'20170809CSVC2905162857','18220551001','陕西','2017-08-09 00:00:00','1065732010086','陕西','西安','行业代码','公司内部公益类信息(陕西接入)','垃圾短信','西安客户要求取消10086下发的宣传活动类的信息，以及1065732010086下发的信息，请受理！解释无效！','201708','2017-08-12 06:39:43'),(2746,15,'20170809CSVC2905154358','13571919805','陕西','2017-08-09 00:00:00','106570611015060341','陕西','西安','行业代码','行业校讯通(陕西接入)','垃圾短信','【中国移动】08月12日,多云转小雨,22~35℃,东北风1-2级,空气良','201708','2017-08-12 06:39:43'),(2747,15,'20170809CSVC2905163857','13474630634','陕西','2017-08-09 00:00:00','10086999','陕西','汉中','梦网代码','10086短信（陕西接入）','垃圾短信','尊敬的客户:您好!尊敬的客户,您举报上传的内容有误,请发送“投诉号码*短信内容”到10086999重新上传,谢谢您的合作!【中国移动】','201708','2017-08-12 06:39:43'),(2748,15,'20170809CSVC2905159957','18802962638','陕西','2017-08-09 00:00:00','1008611','陕西','西安','梦网代码','10086短信（陕西接入）','垃圾短信','不给人提醒话费情况还欠费300多','201708','2017-08-12 06:39:43'),(2749,15,'20170809CSVC2905154158','18392456212','陕西','2017-08-09 00:00:00','10086','陕西','西安','梦网代码','10086短信（陕西接入）','垃圾短信','您本月累计话费42.04元,可用余额303.81元,待返还余额148.00元。','201708','2017-08-12 06:39:43'),(2750,15,'20170809CSVC2905158958','18392724233','陕西','2017-08-09 00:00:00','10086','陕西','宝鸡','梦网代码','10086短信（陕西接入）','垃圾短信','【安心包流量提醒】尊敬的客户:您好!截至08月09日09时36分,您套餐外流量费用已达10元,流量安心包已自动生效第5个10元包100MB。如需开通“安心包”使用量提醒,请回复KTYLTX。中国移动(随时关注流量使用情况可点击 HTTP://DX.10086.CN/JE3MEBM 或拨打1008611)','201708','2017-08-12 06:39:43'),(2751,15,'20170809CSVC2905159457','18392456212','陕西','2017-08-09 00:00:00','10086','陕西','西安','梦网代码','10086短信（陕西接入）','垃圾短信','感谢致电10086!查话费、流量,您可拨打1008611或关注【中国移动10086】官方微信。8月11日前,参与“就是爱摇摆”活动有机会赢取1GB流量,如您是首次关注绑定官方微信(微信号:CMCCKF10086),9月23日前还可获赠100MB流量!详情见官方微信底部:我的福利-“就是爱摇摆”和“新人领200MB流量”活动。【中国移动】','201708','2017-08-12 06:39:43'),(2752,15,'20170809CSVC2905160257','18292435719','陕西','2017-08-09 00:00:00','10086','陕西','渭南','梦网代码','10086短信（陕西接入）','垃圾短信','尊敬的客户,您好!您已成功订购中国移动的手机阅读相声评书听书包业务,6元/月,该业务2017年08月09日11时54分31秒生效。如有疑问可在1小时内发送M1708099171211到10086901,我们将在72小时内为您处理问题。如需帮助,请咨询10086。中国移动*','201708','2017-08-12 06:39:43'),(2753,15,'20170809CSVC2905160158','13892156148','陕西','2017-08-09 00:00:00','10086','陕西','延安','梦网代码','10086短信（陕西接入）','垃圾短信','我举报的中国移动上月搞活动送的流量还没用完,还报的超出流量多收了我14元多,到现在还没反应','201708','2017-08-12 06:39:43'),(2754,15,'20170809CSVC2905161357','13891131241','陕西','2017-08-09 00:00:00','10086','陕西','延安','梦网代码','10086短信（陕西接入）','垃圾短信','尊敬的客户,您好!您已成功订购中国移动的手机报-人民舆情业务,10元/月,该业务2017年08月09日11时08分37秒生效。如有疑问可在1小时内发送M1708099165906到10086901,我们将在72小时内为您处理问题。如需帮助,请咨询10086。中国移动','201708','2017-08-12 06:39:43'),(2755,15,'20170810CSVC2905164357','18729858732','陕西','2017-08-10 00:00:00','10086','陕西','安康','梦网代码','10086短信（陕西接入）','垃圾短信','中国移动【您好,您已符合4G流量红包赠送条件,现在编辑短信ZS至10086,即可从当月起,连续2个月获赠20GB流量,包括10GB省内+5GB闲时+5GB咪咕定向流量。】【中国移动】','201708','2017-08-12 06:39:43'),(2756,15,'20170809CSVC2905151860','18291100157','陕西','2017-08-09 00:00:00','106999881137661','陕西','延安','伪基站',NULL,'垃圾短信','垃圾信息','201708','2017-08-12 06:39:43'),(2757,15,'20170810CSVC2409000084','13700111125','辽宁','2017-08-10 00:00:00','1069087790156','陕西',NULL,'行业代码','北京易习科技有限公司宝鸡分公司(陕西接入)','垃圾短信','1069087790156*【运满满】（1234）手机配货神器“运满满”验证码。希望您货运满满！','201708','2017-08-12 06:39:43'),(2758,15,'20170810CSVC9319643915','15214189890','甘肃','2017-08-10 00:00:00','10690877453853','陕西',NULL,'行业代码','北京易习科技有限公司宝鸡分公司(陕西接入)','垃圾短信','【百格活动】您本次验证码为:9387 十分钟内有效。','201708','2017-08-12 06:39:43'),(2759,15,'20170810CSVC2803000097','15281694011','四川','2017-08-10 00:00:00','10690877087978','陕西',NULL,'行业代码','北京易习科技有限公司宝鸡分公司(陕西接入)','垃圾短信','【必胜客宅急送】短信验证码:642352','201708','2017-08-12 06:39:43'),(2760,15,'20170810CSVC5510932172','13605686530','安徽','2017-08-10 00:00:00','10690877087978','陕西',NULL,'行业代码','北京易习科技有限公司宝鸡分公司(陕西接入)','垃圾短信','短信验证码','201708','2017-08-12 06:39:43'),(2761,15,'20170810CSVC5310000037','15898903190','山东','2017-08-10 00:00:00','10690877087978','陕西',NULL,'行业代码','北京易习科技有限公司宝鸡分公司(陕西接入)','垃圾短信','【必胜客宅急送】短信验证码:682917','201708','2017-08-12 06:39:43'),(2762,15,'20170810CSVC5914582104','18205966562','福建','2017-08-10 00:00:00','10690877087978','陕西',NULL,'行业代码','北京易习科技有限公司宝鸡分公司(陕西接入)','垃圾短信','【必胜客宅急送】短信验证码:747722 【必胜客宅急送】短信验证码:730813 【必胜客宅急送】短信验证码:196973','201708','2017-08-12 06:39:43'),(2763,15,'20170810CSVC2803000023','15228743406','四川','2017-08-10 00:00:00','106903319118399','陕西',NULL,'行业代码','中传视友传媒科技有限公司西安分公司(陕西接入)','垃圾短信','骚扰信息','201708','2017-08-12 06:39:43'),(2764,15,'20170810CSVC1009109721','13501099303','北京','2017-08-10 00:00:00','1069021923001','陕西',NULL,'行业代码','陕西创远信息科技有限公司.(陕西接入)','垃圾短信','【国泰航空】KA993/10#AUG將於19:50(延誤1時20分)從PEK出發。不便之處，敬請原諒。國泰港龍','201708','2017-08-12 06:39:43'),(2765,15,'20170810CSVC5914581585','13950150300','福建','2017-08-10 00:00:00','10690036089765844','陕西',NULL,'行业代码','陕西鸿联九五信息产业有限公司(陕西接入)','垃圾短信','润田净水】润田净水提醒您购买3M Y16 PP棉前置滤芯已到更换时间,请及时更换以确保卫生安全 避免二次污染!回TD退订','201708','2017-08-12 06:39:43'),(2766,15,'20170810CSVC3714580028','13783539283','河南','2017-08-10 00:00:00','106575681116666666','陕西',NULL,'行业代码','陕西上格信息科技有限责任公司(陕西接入)','垃圾短信','【链家网】您本次操作的手机验证码为409747,有效期10分钟,请尽快完成业主出租委托。','201708','2017-08-12 06:39:43'),(2767,15,'20170809CSVC2500003054','13912300046','江苏','2017-08-10 00:00:00','1065756811166003','陕西',NULL,'行业代码','陕西上格信息科技有限责任公司(陕西接入)','垃圾短信','momo 垃圾','201708','2017-08-12 06:39:43'),(2768,15,'20170810CSVC7716448505','15878813600','广西','2017-08-10 00:00:00','106575681116381','陕西',NULL,'行业代码','陕西上格信息科技有限责任公司(陕西接入)','垃圾短信','#【赶集网】验证码115193（赶集网客服绝不会索要此验证码,切勿告知他人）,有问题请致电400-81,请致电如家客服:4008203333,回复TD退订。','201708','2017-08-12 06:39:43'),(2769,15,'20170811CSVC2001000015','15220731608','广东','2017-08-11 00:00:00','1065756811149736415','陕西',NULL,'行业代码','济南北秀信息技术有限公司西安分公司(陕西接入)','垃圾短信','1065756811149736415 【优启科技】您的手机验证码是：832368，请完成验证；如非本人操作，请忽略','201708','2017-08-12 06:39:43'),(2770,15,'20170810CSVC0005102438','15914491551','总部','2017-08-10 00:00:00','10657568111389757920','陕西',NULL,'行业代码','山东网易通信息技术有限公司西安分公司(陕西接入)','垃圾短信','【阿里云】尊敬的hi3193****@aliyun.com，恭喜您已享有域名1元注册的特权！.top.ltd等多种后缀任选，注册仅需1元；您独有的特殊权益，立即享用 http:tb.cntoRdJhw 回td退订','201708','2017-08-12 06:39:43'),(2771,15,'20170810CSVC0005102436','15914491551','总部','2017-08-10 00:00:00','106575681108396159','陕西',NULL,'行业代码','济南春腾网络科技有限公司西安分公司(陕西接入)','垃圾短信','【视频日租卡】1元享10G，优酷、乐视、沃TV三款APP任性看，详情请查看 http:t.cnR6a5Tfo 退订回T','201708','2017-08-12 06:39:43'),(2772,15,'20170810CSVC0005102474','13977569284','总部','2017-08-10 00:00:00','106575681106514820','陕西',NULL,'行业代码','陕西世荣信息科技有限公司(陕西接入)','垃圾短信','【滴滴快车】滴滴玉林泳池派对，专属滴滴用户的夏日狂欢等你来！了解详情与报名，请戳链接https:dc.ttvWm9','201708','2017-08-12 06:39:43'),(2773,15,'20170810CSVC0005102411','15046664594','总部','2017-08-10 00:00:00','10657568110077759','陕西',NULL,'行业代码','陕西原树物业管理有限公司(陕西接入)','垃圾短信','【美团网】在当地！这些景点不逛一逛等于白来一趟→ t.meituan.comrNp7zu 回复TD退订','201708','2017-08-12 06:39:43'),(2774,15,'20170713CSVC2001000864','13533967123','广东','2017-08-10 00:00:00','1065756811000919','陕西',NULL,'行业代码','陕西原树物业管理有限公司(陕西接入)','垃圾短信','1065756811000919 您的临时验证码为：93924，有效时间为30分钟。若您没有注册，请拨打客服电话010-57835066【佳缘】','201708','2017-08-12 06:39:43'),(2775,15,'20170702CSVC5310001276','13721923039','山东','2017-08-10 00:00:00','10657568110003796536','陕西',NULL,'行业代码','陕西原树物业管理有限公司(陕西接入)','垃圾短信','光大银行下发提示信用卡还款信息','201708','2017-08-12 06:39:43'),(2776,15,'20170810CSVC2803000031','15228743406','四川','2017-08-10 00:00:00','106575681099155742','陕西',NULL,'行业代码','西安市长安区西市发展有限公司(陕西接入)','垃圾短信','骚扰信息','201708','2017-08-12 06:39:43'),(2777,15,'20170810CSVC2803000025','15228743406','四川','2017-08-10 00:00:00','1065756810991255742','陕西',NULL,'行业代码','西安市长安区西市发展有限公司(陕西接入)','垃圾短信','骚扰信息','201708','2017-08-12 06:39:43'),(2778,15,'20170810CSVC0005102339','15926166572','总部','2017-08-10 00:00:00','106575681098212339','陕西',NULL,'行业代码','中报泰裕(北京)信息技术有限公司西安分公司(陕西接入)','垃圾短信','【探探应用】哇！5小时内又有10个帅哥喜欢了你，最近的才1.5公里，还不快戳 l.tantanapp.comi 看看？回T退订','201708','2017-08-12 06:39:43'),(2779,15,'20170810CSVC2209595160','15822616026','天津','2017-08-10 00:00:00','106575681098212339','陕西',NULL,'行业代码','中报泰裕(北京)信息技术有限公司西安分公司(陕西接入)','垃圾短信','聊天信息','201708','2017-08-12 06:39:43'),(2780,15,'20170810CSVC0005102417','15102486421','总部','2017-08-10 00:00:00','106575681098100002','陕西',NULL,'行业代码','中报泰裕(北京)信息技术有限公司西安分公司(陕西接入)','垃圾短信','【淘特卖】尊敬的淘会员，您购物信用良好，已升为高级会员，邀您加内部福利Q群:640241362，群内每日福利券！进群限今日！退订回N','201708','2017-08-12 06:39:43'),(2781,15,'20170810CSVC0005102458','18806669008','总部','2017-08-10 00:00:00','106575681098100002','陕西',NULL,'行业代码','中报泰裕(北京)信息技术有限公司西安分公司(陕西接入)','垃圾短信','【淘特卖】尊敬的淘会员，您购物信用良好，已升为高级会员，邀您加内部福利Q群:371623262，群内每日福利券！进群限今日！退订回N','201708','2017-08-12 06:39:43'),(2782,15,'20170810CSVC3111220020','13582342904','河北','2017-08-11 00:00:00','1065756810971129768','陕西',NULL,'行业代码','西安正乾广告传媒有限公司.(陕西接入)','垃圾短信','2017-08-10 22:12:55: 【饿了么】您的验证码是296560,在5分钟内有效。如非本人操作请忽略本短信。','201708','2017-08-12 06:39:43'),(2783,15,'20170810CSVC5914585477','13706097008','福建','2017-08-10 00:00:00','10657568109544965354','陕西',NULL,'行业代码','西安天下皆阳文化投资发展有限公司(陕西接入)','垃圾短信','【凤凰佳影】验证码702718,您的操作需要校验,请勿向任何人提供您收到的短信验证码。','201708','2017-08-12 06:39:43'),(2784,15,'20170810CSVC2001000763','13828486839','广东','2017-08-10 00:00:00','1065756810951267','陕西',NULL,'行业代码','西安天下皆阳文化投资发展有限公司(陕西接入)','垃圾短信','1065756810951267 【联想集团】联想台式机“升级换新”活动推出全新配置：四核处理器+固态盘+独显，摆脱卡顿，拨打：4008901566或回复“Y”报名，TD退订','201708','2017-08-12 06:39:43'),(2785,15,'20170810CSVC2905166157','13992191141','陕西','2017-08-10 00:00:00','1065732010086','陕西','延安','行业代码','公司内部公益类信息(陕西接入)','垃圾短信','延安客户申请取消除了10086发送的信息以外，其他代码发送的信息全部取消。请受理！解释无效\n客户取消1065732010086代码发送的信息，请受理！13992191141','201708','2017-08-12 06:39:43'),(2786,15,'20170810CSVC2905171257','13891320777','陕西','2017-08-10 00:00:00','1065732010086','陕西','渭南','行业代码','公司内部公益类信息(陕西接入)','垃圾短信','渭南客户反映：本机于最近两天收到号码:10639111，1065732010086给其发送的短信，大致内容为：_地震等问题_，客户现在要求举报，请查!','201708','2017-08-12 06:39:43'),(2787,15,'20170810CSVC2905164657','18291438099','陕西','2017-08-10 00:00:00','1065800007528','陕西','西安','梦网代码','手机报(陕西接入)','垃圾短信','这个东西烦得很,麻烦帮我屏蔽掉。谢谢!','201708','2017-08-12 06:39:43'),(2788,15,'20170810CSVC2905164757','13720515242','陕西','2017-08-10 00:00:00','1065800007528','陕西','西安','梦网代码','手机报(陕西接入)','垃圾短信','这个东西烦得很,麻烦帮我屏蔽掉。谢谢!','201708','2017-08-12 06:39:43'),(2789,15,'20170810CSVC2905166357','15877477764','陕西','2017-08-10 00:00:00','10668178210','陕西','汉中','梦网代码','广州滚石移动网络有限公司(广东接入或伪基站)','垃圾短信','无主题','201708','2017-08-12 06:39:43'),(2790,15,'20170810CSVC2905170357','13572861856','陕西','2017-08-10 00:00:00','106589996400','陕西','西安','梦网代码','积分计划统一平台(北京接入)','垃圾短信','631724','201708','2017-08-12 06:39:43'),(2791,15,'20170810CSVC2905164457','13892279767','陕西','2017-08-10 00:00:00','10086','陕西','榆林','梦网代码','10086短信（陕西接入）','垃圾短信','麻痹的不给通知明知道没有流量就不给通知只能钱扣完再什么烂逼公司','201708','2017-08-12 06:39:43'),(2792,15,'20170810CSVC2905164557','13892279767','陕西','2017-08-10 00:00:00','10086','陕西','榆林','梦网代码','10086短信（陕西接入）','垃圾短信','什么烂逼移动,没流量不会给客户通知吧客户当什么了就只知道扣钱','201708','2017-08-12 06:39:43'),(2793,15,'20170810CSVC2905165858','18700695579','陕西','2017-08-10 00:00:00','10086','陕西','铜川','梦网代码','10086短信（陕西接入）','垃圾短信','尊敬的客户,截止2017年08月10日13时54分,您的话费余额为:5.00元。感谢您使用陕西移动提供的服务!','201708','2017-08-12 06:39:43'),(2794,15,'20170810CSVC2905165859','15191495135','陕西','2017-08-10 00:00:00','10086','陕西','铜川','梦网代码','10086短信（陕西接入）','垃圾短信','不到一个小时给我发了30多条话费余额短信,现在还在给我发。','201708','2017-08-12 06:39:43'),(2795,15,'20170810CSVC2905167157','18392456212','陕西','2017-08-10 00:00:00','10086','陕西','西安','梦网代码','10086短信（陕西接入）','垃圾短信','尊敬的客户:您好!您办理业务失败,请您稍后再试。【中国移动】','201708','2017-08-12 06:39:43'),(2796,15,'20170810CSVC2905167257','18791508737','陕西','2017-08-10 00:00:00','10086','陕西','咸阳','梦网代码','10086短信（陕西接入）','垃圾短信','尊敬的客户,截止2017年08月10日13时46分,您的话费余额为:13.00元。感谢您使用陕西移动提供的服务!','201708','2017-08-12 06:39:43'),(2797,15,'20170810CSVC2905167357','18791093255','陕西','2017-08-10 00:00:00','10086','陕西','咸阳','梦网代码','10086短信（陕西接入）','垃圾短信','一直发欠费信息,我又不瞎,烦不烦啊','201708','2017-08-12 06:39:43'),(2798,15,'20170810CSVC2905171757','15877535643','陕西','2017-08-10 00:00:00','10086','陕西','汉中','梦网代码','10086短信（陕西接入）','垃圾短信','尊敬的客户:您好!请在信息内容的最前面输入被举报号码,并以‘*’与信息内容分隔,然后发送到10086999! 【中国移动】','201708','2017-08-12 06:39:43'),(2799,15,'20170810CSVC2905171957','15909225995','陕西','2017-08-10 00:00:00','10086','陕西','延安','梦网代码','10086短信（陕西接入）','垃圾短信','尊敬的客户,感谢你成功办理了优惠变更业务,您可回复\'SJYYT\'了解下载手机营业厅,快速充值买流量,随时办理套餐业务,随心参与优惠活动。【中国移动】*','201708','2017-08-12 06:39:43');
/*!40000 ALTER TABLE `original_report` ENABLE KEYS */;
UNLOCK TABLES;

--
-- Table structure for table `uploaded_file`
--

DROP TABLE IF EXISTS `uploaded_file`;
/*!40101 SET @saved_cs_client     = @@character_set_client */;
/*!40101 SET character_set_client = utf8 */;
CREATE TABLE `uploaded_file` (
  `upfi_id` bigint(20) NOT NULL AUTO_INCREMENT,
  `upfi_name` varchar(200) NOT NULL,
  `upfi_file_upload_for_date` datetime NOT NULL,
  `upfi_file_date` datetime DEFAULT NULL,
  `upfi_updated` timestamp NOT NULL DEFAULT CURRENT_TIMESTAMP ON UPDATE CURRENT_TIMESTAMP,
  PRIMARY KEY (`upfi_id`)
) ENGINE=InnoDB AUTO_INCREMENT=17 DEFAULT CHARSET=utf8;
/*!40101 SET character_set_client = @saved_cs_client */;

--
-- Dumping data for table `uploaded_file`
--

LOCK TABLES `uploaded_file` WRITE;
/*!40000 ALTER TABLE `uploaded_file` DISABLE KEYS */;
INSERT INTO `uploaded_file` VALUES (14,'8月1日08：00-8月11日08：00（端口类不良信息分拣核实结果）汇总.xls','2017-08-12 00:00:00','2017-08-11 00:00:00','2017-08-12 04:10:00'),(15,'8月1日08：00-8月11日08：00（端口类不良信息分拣核实结果）汇总.xls','2017-08-12 00:00:00','2017-08-11 00:00:00','2017-08-12 06:40:22'),(16,'8月1日08：00-8月11日08：00（端口类不良信息分拣核实结果）汇总.xls','2017-08-12 00:00:00',NULL,'2017-08-12 08:33:01');
/*!40000 ALTER TABLE `uploaded_file` ENABLE KEYS */;
UNLOCK TABLES;
/*!40103 SET TIME_ZONE=@OLD_TIME_ZONE */;

/*!40101 SET SQL_MODE=@OLD_SQL_MODE */;
/*!40014 SET FOREIGN_KEY_CHECKS=@OLD_FOREIGN_KEY_CHECKS */;
/*!40014 SET UNIQUE_CHECKS=@OLD_UNIQUE_CHECKS */;
/*!40101 SET CHARACTER_SET_CLIENT=@OLD_CHARACTER_SET_CLIENT */;
/*!40101 SET CHARACTER_SET_RESULTS=@OLD_CHARACTER_SET_RESULTS */;
/*!40101 SET COLLATION_CONNECTION=@OLD_COLLATION_CONNECTION */;
/*!40111 SET SQL_NOTES=@OLD_SQL_NOTES */;

-- Dump completed on 2017-08-12 20:38:22
